id,linked_ids,priority,area,title,exact_error,repro_ids,current_status,last_verified_build,case_ids,source,notes,root_cause,fixed_or_not
DEF-B-031,"related: DEF-A-010, DEF-B-020, DEF-B-025",P1,Scheduler,Scheduler stopped firing ALL cron schedules after the ~23:59 ET Oct 7 deploy (restart #5); still dead after the 00:20-00:25 ET deploy,"Silent - no error anywhere. get_schedule S1 at 04:11Z: next_run_at 2026-10-08T04:00:00+00:00, last_run_at 03:57:08Z, run_count 26, last_status completed, enabled true (next_run_at frozen in the past). Ticks 04:00-04:30Z: 27 MISSED + 1 PHANTOM ""completed"" run (S1 04:23:16Z, no job, destination unchanged), 0 good fires; 04:50Z tick also missed. OPEN-DEFECTS 00:53: 0 of 43 ticks fired 00:00-00:50 ET.","schedules f9c91e68, c6819984, 4d4ffc57, 96ff4a34, 23a72ae8, a3bff29c; last pre-restart fire 6ac7149c38778350725de19a (03:57:16Z); first post-restart job 6ac7152f99bc2bc3faacd694; run-now job 6ac7195699bc2bc3faacd705; ack_e020ad1f577c419ba713; qa-b/evidence/get_schedule_0436Z.json",OPEN,6436aaa38583,TC-A-073 TC-A-075,qa-b/defects.json,"Manual jobs run fine; only the scheduler tick loop is down. run_schedule_now, enable toggle and update_schedule do not restore firing; restart #6 did not fix it. All 11 QA6-B schedules were disabled at end of session. QA-B tagged these ticks ENV-DEPLOY in schedule-fires.csv and excluded them from accuracy stats although B-031 is a P1 product defect.","due_schedules compared a naive next_run_at with an aware UTC clock, so one bad document aborted every beat.","fixed in code, unit-proven (test_scheduler_sleeps_until_the_next_due_instant). The beat sleeps until the soonest next_run_at, capped at 60 seconds, and waits 1 second when a schedule is already due so a document that does not advance next_run_at cannot busy-loop. The naive-timestamp crash fix from f125e5df stays. Not a live scheduler retest."
DEF-B2-001,"dup: DEF-B-024, DEF-A-017",P1,full_refresh_append,"full_refresh_append can never append a second time: run 2 fails whenever keys already exist, even into a PK-less destination; product also adds PRIMARY KEY(id) on create-new","Destination already stores these keys: 5 key value(s) in this batch are already at rest in the destination on id, which enforces uniqueness — a full_refresh_append insert aborts on the first one","B2: 6ac708c96d6988de7ab39081 (pf_eda579c84d2a), 6ac70af86d6988de7ab39090 (PK-less HEAP), 6ac70b1d6d6988de7ab39092; 6436aaa38583 run2s e.g. 6ac71d9a6436aaa385837820, 6ac71d346436aaa38583781a, 6ac71e566436aaa385837827; B-024: 6ac70183d56ca21e9bc02d43, 6ac702d7d56ca21e9bc02d57 (PK-less), 6ac703f76d6988de7ab39065; A-017: 6ac6f07032ef27e7bb7d0d00",OPEN,6436aaa38583,TC-A-012 TC-B-347 TC-B-348 TC-B-349 TC-B-350 TC-B-352 TC-B-353 TC-B-354 TC-B-355 TC-B-357 TC-B-358 TC-B-359 TC-B-360 TC-B-362 TC-B-365 B2-FRA-01 B2-FRA-02 B2-FRA-03 B2-FRA-04 B2-FRA-05 B2-FRA-06 B2-FRA-07 B2-FRA-08 B2-FRA-09 B2-FRA-10 B2-FRA-11 B2-FRA-12 B2-FRA-13 B2-FRA-14 B2-FRA-15 B2-FRA-16 B2-FRA-19 B2-FRA-20 B2-FRA-26 B2-FRA-27 B2-FRA-28 B2-FRA-29 B2-FRA-30,qa-b2/defects.md,"24/24 executed fra run2s fail identically (QA-B2). Count ""5"" is also wrong (49 of 54 keys collide). DEF-A-017 (QA-A, rated P2) is the same error on a file re-load; priority taken from the highest-rated duplicate.","Validate treated the plan's destination_pk_columns as enforcement. A plan that carried the source id blocked a heap whose live catalog has no single-column unique key, so the second full_refresh_append inserted nothing. Append create-new also used to emit PRIMARY KEY(id); that withhold was already in the tree.","fixed in code, unit-proven (test_planned_source_key_does_not_block_a_heap_append, test_append_create_new_does_not_declare_the_source_key, test_execute_refuses_an_enforced_key_before_insert). A plan that names the source id no longer blocks a table whose live catalog has no single-column unique key. Append create-new still withholds PRIMARY KEY and UNIQUE. A real single-column primary key or unique constraint still refuses the colliding batch before any row lands. Not a live QA retest."
DEF-B2-007,"dup: DEF-R1-003, DEF-C-004, DEF-CDC-RERUN-FENCE (PG->MySQL half)",P1,CDC (PostgreSQL source),PG-source CDC silently loses changes: slot/publication disappear while the job still shows running; slot advances past unapplied changes; re-run after a completed run fails slot_missing after a false preflight pass,"publication ""df_pub_qa_dataflow_qa6b2_pg_ms_cdc_8fc5404fe7"" does not exist … slot ""df_qa_dataflow_qa6b2_pg_ms_cdc_a312f06d""; cancel: ""cdc_slot_release"": {""released"": false, ""reason"": ""absent"", ""slot_name"": ""df_qa_dataflow_qa6b2_pg_my_cdc_8c951641"", ...}. R1-003: postgresql CDC resume is before retained log history (resume=df_qa_dataflow_qa6r_cdc_tstz_c2d7a7c8, retained=slot_missing). C-004: postgresql CDC resume is before retained log history (resume=0/11744550, retained=slot_missing). Continuous CDC across the gap is not possible.","B2-CDC-01 6ac70c0d38778350725de102 (pf_b70747b1967c); B2-CDC-02 6ac7162d99bc2bc3faacd69a; B2-CDC-03 6ac7168a99bc2bc3faacd69c; R1 3.4/3.5 6ac6fe20f48dc537b539e836; C-004 run1 6ac6e3f532ef27e7bb7d0cb8, run2 6ac6ea2032ef27e7bb7d0cc6 (pf_f0e015419f32)",OPEN,99bc2bc3faac,TC-B-437 TC-B-438 TC-B-439 B2-CDC-01 B2-CDC-02 B2-CDC-03 TC-C-001,qa-b2/defects.md,No PG-source CDC was run on 6436aaa38583. QA dropped nothing (cancel reports slot already absent).,"publication ""df_pub_qa_dataflow_qa6b2_pg_ms_cdc_8fc5404fe7"" does not exist … slot ""df_qa_dataflow_qa6b2_pg_ms_cdc_a312f06d""; cancel: ""cdc_slot_release"": {""released"": false, ""reason"": ""absent"", ""slot_name"": ""df_qa_dataflow_qa6b2_pg_my_cdc_8c951641"", ...}. R1-003: postgresql CDC resume is before retained log history (resume=df_qa_dataflow_qa6r_cdc_tstz_c2d7a7c8, retained=slot_missing). C-004: postgresql CDC resume is before retained log history (resume=0/11744550, retained=slot_missing). Continuou…","partly fixed. A re-run after a finished run dropped its slot snapshots current keys instead of failing slot_missing after a pass (test_missing_slot_makes_initial_snapshot_current_keys, test_preflight_missing_slot_snapshots_and_never_blocks, test_slot_drop_retires_the_prior_lsn). The slot no longer advances past unapplied changes (e0c214ab, e063fa2f). A slot that disappears while the job still shows running has no proven cause here and is not claimed fixed. Not a live Postgres CDC retest."
DEF-B2-006,related: DEF-CDC-COUNT-ONLY-RECONCILE,P1,CDC (MariaDB / SQL Server source),"MariaDB/SQL Server CDC passes preflight without prerequisites, is snapshot-only, and catch-up applies only new inserts (updates/deletes lost) while often reporting completed","CDC catch-up dest COUNT=55 vs source image COUNT=54 Destination has 1 extra row(s)… (status completed, records 5). On 6436aaa38583: MS->TS COMPLETED with ""CDC catch-up dest COUNT=50 vs source image COUNT=50"" while source had 54; MA->OR FAILED ""1 more row(s) are in the destination (independent COUNT(*)), quarantined, or skipped than were read…""",B2-CDC-16 6ac70bdb38778350725de0fd / 6ac70c5738778350725de105; B2-CDC-11 6ac70bdb38778350725de0ff / 6ac70ddc38778350725de11d; CDC-14 6ac71f226436aaa385837830; CDC-15 6ac71ece6436aaa38583782d; CDC-19 6ac71f8d6436aaa385837832; CDC-20 6ac71f596436aaa385837831,OPEN,6436aaa38583,TC-B-447 TC-B-448 TC-B-450 TC-B-452 TC-B-453 TC-B-455 B2-CDC-11 B2-CDC-12 B2-CDC-14 B2-CDC-15 B2-CDC-16 B2-CDC-17 B2-CDC-19 B2-CDC-20,qa-b2/defects.md,,"When no change log was readable, CDC silently downgraded to a primary-key poll, which sees new keys only, so updates and deletes were lost and the run completed. The SQL Server and Oracle fallbacks were not classified as server-not-configured, and Validate had no change-log probe.","fixed in code, unit-proven (test_a_poll_is_allowed_only_when_it_still_carries_updates, test_validate_blocks_mariadb_cdc_without_a_binlog, test_validate_blocks_a_grant_failure_instead_of_degrading, test_validate_warns_that_a_declared_timestamp_poll_drops_deletes, test_sqlserver_without_cdc_or_tracking_is_server_not_configured, test_runtime_fallback_messages_classify_as_server_not_configured, test_preflight_policy_gates_include_g9c_for_mariadb). Execute refuses a poll unless the cursor is a declared modification timestamp or the table is insert-only; Validate gate g9c_cdc_log_capture probes the run's own reader (binlog, SQL Server CDC then Change Tracking, LogMiner then flashback). A declared timestamp poll passes with a delete-loss warning. Not a live MariaDB or SQL Server retest."
DEF-CDC-COUNT-ONLY-RECONCILE,"dup: DEF-CDC-COUNT-ONLY (short name used in DEFECTS-C.md); related: DEF-B2-006, DEF-B2-009/DEF-C-005",P1,CDC verification,"CDC final check compares COUNT(*) only: corrupted or missed rows still end ""completed""","dest id77 manually set qty=-1 during run → job completed, error null; summary ""CDC catch-up dest COUNT=… vs source image COUNT=…""",6ac6e3f532ef27e7bb7d0cb8 (TC-C-003); B2-CDC-20 6ac71f596436aaa385837831,OPEN,6436aaa38583,TC-B-447 TC-B-452 B2-CDC-11 B2-CDC-16 TC-C-003,OPEN-DEFECTS-FOR-DEV.md,Last direct regression test 32ef27e7bb7d (TC-C-003); the same COUNT-only verdict let B2-CDC-20 complete with wrong data on 6436aaa38583.,"CDC_SOURCE_IMAGE_COUNT set passed=True whenever dest COUNT was not short, and the message said value fidelity was not compared. A cell changed to qty=-1 still completed.","fixed in code, unit-proven (test_cdc_source_image_count_scope_does_not_claim_full_checksum). Count-only now fails the job. A finished source-row fingerprint scan can still pass. Not a live QA retest."
DEF-B2-008,related: DEF-CDC-SLOT-LEAK,P1,CDC (PG -> Oracle),"PG->Oracle CDC fails before writing (boolean->NUMBER(38,0) decimal parse) after a passing preflight, and leaks its replication slot + publication","decimal wire parse failed — refuse invent into NUMBER(38,0); leftover slot df_qa_dataflow_qa6b2_pg_or_cdc_34f9897e, publication df_pub_qa_dataflow_qa6b2_pg_or_cdc_840b1bc26f",B2-CDC-04 6ac70f5638778350725de130 (pf_e2f9555d9a59),OPEN,38778350725d,TC-B-440 B2-CDC-04,qa-b2/defects.md,Same columns work in full_refresh_append (B2-FRA-04). Leftover slot/publication left for dev inspection.,"Canonical boolean wire (true/t) was refused on any NUMBER wider than precision 1, so a PostgreSQL BOOLEAN on Oracle NUMBER(38,0) passed Validate and the writer raised decimal wire parse failed. The slot leaked because the failure handler read the slot name from the job document, which holds none before the first checkpoint, and the WriteBatchBlocked path around the CDC run never released at all.","fixed in code, unit-proven (test_scale_zero_integer_accepts_canonical_boolean_wire, test_bind_accepts_boolean_wire_on_number_38, test_first_batch_failure_releases_the_slot_the_job_never_recorded, test_refused_cdc_batch_releases_through_the_shared_helper, test_retriable_failure_keeps_the_slot_for_resume). The Postgres reader names its slot and publication at construction and stamps them on the exception that leaves the run; a non-retriable failure or cancel drops them, a retriable one keeps them for resume. Fractional NUMBER columns still refuse a boolean. Historical QA slots are not dropped here. Not a live Oracle CDC retest."
DEF-B2-010,,P1,Type mapping (SQL Server -> MySQL/MariaDB),SQL Server NVARCHAR(n) is created on MySQL/MariaDB as utf8mb3; every 4-byte character (emoji) row is rejected while preflight says every value fits,"(1366, ""Incorrect string value: '\xF0\x9F\x99\x82\xF0\x9F...' for column 'name' at row 1"") x5; job message ""Transfer verified (45 rows written, 5 rejected)""; the next run rejects the table the product created itself: Lossy / fidelity collapse across type path: 1 column(s) collapse fidelity on write (name NVARCHAR(100) COLLATE SQL_LATIN1_GENERAL_CP1_CI_AS → VARCHAR(100) COLLATE UTF8MB3_GENERAL_CI)","B2-FRA-17 6ac7137f38778350725de191 (pf_c66a288ab371); B2-CDC-17 6ac7190699bc2bc3faacd702; 6ac7196999bc2bc3faacd706; MariaDB: FRA-18 6ac71cf46436aaa385837817, CDC-18 6ac71fc46436aaa385837833",OPEN,6436aaa38583,TC-B-363 TC-B-364 TC-B-453 TC-B-454 B2-CDC-17 B2-CDC-18 B2-FRA-17 B2-FRA-18,qa-b2/defects.md,Silent ~10% loss on Unicode data (completed_with_quarantine).,"materialize_dest_ddl passed a copied NVARCHAR(n) stamp through. On MySQL that alias is utf8mb3, so emoji failed with 1366 and the next run saw VARCHAR COLLATE UTF8MB3. Create-new invent already widened when the source engine was bound; the echoed Map stamp did not.","partly fixed in code, unit-proven (test_materialize_widens_copied_nvarchar_stamp_for_sqlserver). A bound SQL Server source now materializes VARCHAR(n) CHARACTER SET utf8mb4. A MySQL source NVARCHAR and an unknown engine stay the utf8mb3 alias on purpose. Not a live MySQL retest."
DEF-B2-012,related: DEF-A-008,P1,full_refresh_append / rollback,"Failed append job reports failed / 0 records but the destination gained 5 rows (no rollback, no job accounts for them)","job error: Destination already stores these keys: 5 key value(s) … a full_refresh_append insert aborts on the first one, records 0; dest COUNT 50→55 (ids 51-55, updated_at 2026-10-08 03:59:07)",B2-FRA-27 6ac715b699bc2bc3faacd696 (pf_9555657a2158); schedule 3901c62e-32af-4ab2-a187-ad47393cca13,OPEN,99bc2bc3faac,B2-FRA-27,qa-b2/defects.md,Preceded by an orphaned run and 3 refused run_schedule_now calls on the same table.,"An append that already checkpointed a prefix then failed the next chunk with rows_written=0, and the failure handler stored 0. The pre-write unique-key refuse does not delete rows a previous orphaned run committed.",partly fixed. _records_after_failure keeps the larger committed count (test_records_after_failure_keeps_a_committed_prefix). Enforced-key refuse-before-insert was already in tree at f125e5df. Rows committed by an orphaned run are not deleted. Not a live QA retest.
DEF-B2-014,,P1,CDC (MariaDB -> SQL Server),MariaDB->SQL Server CDC writes the 50-row snapshot then fails because the product never adds its own _df_lsn column; reports 0 processed / 1 rejected; no rollback,SQL physical DDL missing for mapped column(s) _df_lsn — refuse silent Map stamp bind on an existing table (empty→NULL invent risk). Re-introspect or remap.,B2-CDC-13 6ac720286436aaa385837835 (pf_a581154fcc15); contrast MySQL source CDC-08 6ac71ff26436aaa385837834 PASS,OPEN,6436aaa38583,TC-B-449 B2-CDC-13,qa-b2/defects.md,,"CDC stamps _df_lsn onto the mapping. require_physical_types_for_existing_table treated that product column as a missing source column on a table that already held the snapshot, then the job reported 0 records.","fixed in code, unit-proven (test_ensure_product_lsn_column_on_an_existing_table). The column is ALTER'd before the physical check. A snapshot already committed on build 6436aaa38583 is not rolled back here. Not a live SQL Server retest."
DEF-R1-001,dup: DEF-C-042 (QA-C rated P2),P1,SQL Server temporal types,PG -> SQL Server datetime2 / datetimeoffset loses sub-millisecond digits; the whole load fails (now rolled back to an empty table),"Read-back sample verification failed: column ts→ts: source='2026-02-01T10:01:00.000001' dest='2026-02-01T10:01:00' The destination was empty before this run. The partial batch was removed, so the table is empty again. (C-042: source='2028-02-29T23:59:59.999999' dest='2028-02-29T23:59:59.999')",R1 6ac6fb41a70faf46964f4d49 (pf_6c23315295fc); dw-r1 6ac716a399bc2bc3faacd69d; dw-r2 6ac71d386436aaa38583781b (pf_5a7779702042); C-042 6ac7135638778350725de190,OPEN,6436aaa38583,TC-C-711,RETEST-R1 / OPEN-DEFECTS / deploy-watch,Changed on 99bc2bc3faac: failed job now rolls back instead of leaving rows.,"Every logical datetime on SQL Server was bound as DATETIME2(7). An existing classic DATETIME column then received a DATETIME2 value, SQL Server rounded it to 1/300 s, the read-back disagreed, and the batch rolled back empty. DATETIME2(3) rounded .999999 to .999 the same way because the refuse only fired for the class name DATETIME.","fixed in code, unit-proven (test_explicit_datetime_token_is_not_upgraded_to_datetime2, test_classic_datetime_refuses_microsecond_before_bind). An explicit DATETIME token binds as DATETIME and a microsecond is refused before commit. DATETIME2(3) refuses a fraction it cannot store (.999999). Bare logical datetime and DATETIME2(7) still keep .000001. Not a live SQL Server retest."
DEF-R1-002,,P1,SQL Server Unicode,"Unicode silently corrupted into Latin-1 VARCHAR on SQL Server: job completed, 0 rejected, 11/15 rows changed","completed 15/0, ""Row count verified by engine copy…""; preflight ""VARCHAR(50) → VARCHAR(50) COLLATE SQL_LATIN1_GENERAL_CP1_CI_AS"" fidelity preserve, ""no value scan required""; dest 11/15 corrupted (山田太郎→????, Łukasz→Lukasz, emoji→????????)","R1 6ac6fc1df48dc537b539e823 (pf_4d4358f95772); dw-r1 6ac7171099bc2bc3faacd6c0; dw-r2 6ac71d336436aaa385837819; dw-r3 6ac723a56436aaa385837836 (pf_012e53875d52, 01:01 ET)",OPEN,6436aaa38583,,OPEN-DEFECTS-FOR-DEV.md,Re-confirmed 01:01 ET Oct 8 (deploy-watch r3).,PostgreSQL VARCHAR into SQL Server VARCHAR COLLATE SQL_LATIN1_GENERAL_CP1_CI_AS was graded preserve because the widths matched. The server stores Windows-1252 and substitutes ? without failing the statement. The value scan skipped the column as safe by declaration.,"fixed in code, unit-proven (test_unicode_source_into_sql_latin1_varchar_is_a_fidelity_collapse, test_latin1_varchar_is_not_safe_by_declaration). An unmeasured Unicode source into SQL Server Latin-1 VARCHAR stays a fidelity collapse, and the population scan does not skip it. A measured population that encodes in the code page is not a collapse (DEF-R20-001). A scalar outside the page still quarantines. Not a live SQL Server retest."
DEF-B-027,"related: DEF-C-020, DEF-C-031, DEF-C-024, DEF-C-036",P1,Overwrite atomicity,full_refresh_overwrite is not atomic: a failed or stalled overwrite leaves the destination EMPTY and falsely says it was empty before,"Checksum mismatch (balanced): source 1e3e2d42dab3… vs target c4f5a2bb211a… … Gate-8 still fails: an unexplained digest difference is not proof. The destination was empty before this run. The partial batch was removed, so the table is empty again. (destination actually held 39 rows)","6ac7078e6d6988de7ab3907d (prior good 6ac7062d6d6988de7ab39072, schedule 96ff4a34); 6ac709096d6988de7ab39084; 6ac709ee6d6988de7ab39089",OPEN,6d6988de7ab3,,qa-b/defects.json,Occurred at 23:01 ET with no deploy in progress.,Overwrite dropped the destination before the new load was durable. A failed overwrite left the table empty.,pin-before-drop and MySQL rename-aside are in 059974d8. Postgres overwrite that already DROP'd rows is not restored by rename-aside. Needs QA retest. Not claimed live-green.
DEF-C-020,"related: DEF-B-027, DEF-C-034, DEF-B-025",P1,Long-running jobs,"Long transfers (>=200k rows) stall or loop forever in ""running""; resume of a full refresh upserts instead of replacing; final failure deletes the complete load","Row count mismatch: source 580000, rejected 0, skipped 0, removed by transform 0, filtered out 0, expanded by transform 0, expected target 580000 vs target 0 — Engine column profile diverged on amount, created_at, id, payload The destination was empty before this run. The partial batch was removed, so the table is empty again.","6ac7053c6d6988de7ab3906f (pf_6179b4ab12d5, 22:51-23:13 ET); 6ac6f55032ef27e7bb7d0d1d (ENV-DEPLOY orphan); 6ac6f0c932ef27e7bb7d0d02",OPEN,6d6988de7ab3,TC-C-509 TC-C-510 TC-C-528,qa-c/DEFECTS-C.md,"Re-verified with no deploy and no prefix change during the run. Long-job rerun on a stable build is PENDING (waiting for dev deploys to finish). Source really has 400,000 rows; dest held 200,000 before the run; final dest 0 rows.",A long overwrite re-read from an earlier offset and the Gate-8 source count added the checkpoint to a full re-read. The 400k destination in the QA note was Postgres.,reader_population cap is in 059974d8. Unit-proven. The Postgres table that was already emptied was not restored. Needs QA retest.
DEF-C-024,"related: DEF-B-027, DEF-A-015, DEF-C-034",P1,Schema drift + overwrite,"Overwrite re-run after a source column is added drops the destination table, then hangs at ""creating table""; cancel does nothing; destination left missing","ERROR 1146 ... qa6c_drift_my doesn't exist; job hangs at ""Connecting to destination and creating table…""; cancels return ""cancelled"" but job keeps running","6ac6fbf3f48dc537b539e820 (22:12 ET), 6ac6fd56f48dc537b539e830 (22:17 ET), 6ac7030cd56ca21e9bc02d59 (22:42 ET)",OPEN,d56ca21e9bc0,TC-C-516 TC-C-517 TC-C-518 TC-C-527,qa-c/DEFECTS-C.md,"QA-C called the 22:42 rerun ""outside deploy windows"", but deploy-watch.md later lists a dev-confirmed ~22:46 ET deploy that overlaps the table drop (seen 22:46:38). The 22:17 ET hang had no deploy nearby. Long-job rerun PENDING.",Overwrite after a new source column dropped the destination and then hung in create.,algorithm changes are in 059974d8. The QA job was API-cancelled; statements on the old process were not killed from this VM. Needs QA retest.
DEF-C-017,related: DEF-C-020,P1,Fault tolerance,"Source outage mid-transfer cannot be recovered: counters wrong, resume claims restart but appends then hangs, retry refused","connection already closed (records_processed 40,000 while dest held 160,000); resume ""Full refresh restarted from the beginning"" but appended to 280,000 then hung; retry_job refused ""would duplicate committed rows""",6ac6f0c932ef27e7bb7d0d02 (pf_dfb3bbcffb17),OPEN,32ef27e7bb7d,TC-C-506 TC-C-507 TC-C-508,qa-c/DEFECTS-C.md,Deliberate kill test (21:24 ET job). Rerun PENDING (waiting for dev deploys to finish).,A source outage resumed by appending from the start instead of the committed rows.,resume accounting is in 059974d8. Needs QA retest.
DEF-C-036,related: DEF-B-027,P1,Multi-table / FK migration,"Child tables with FKs can never load: load fails ""referential integrity is unproven"" and deletes the rows it wrote, even with the parent fully loaded","Row fidelity verified — source and target checksums match (200 rows) Destination referential integrity is unproven (customer_id->qa6c7_customers). Fail closed. The destination was empty before this run. The partial batch was removed, so the table is empty again.","6ac70efa38778350725de12a (pf_fb61cc6e6ea7), 6ac70e1238778350725de11f, 6ac70e2e38778350725de120; after deploy 6ac7185b99bc2bc3faacd6fd",OPEN,99bc2bc3faac,TC-C-700 TC-C-722,qa-c/DEFECTS-C.md,No multi-table/ordered-load tool exists either.,Unproven destination referential integrity was a block and the failure path deleted rows that had been written.,already in tree at f125e5df: unproven RI is a warning; measured orphans still block. Unit-proven. Needs QA retest. Rollback of a real block is unchanged.
DEF-B-028,dup: DEF-C-037,P1,MySQL/MariaDB connector,MySQL-type connectors list only the first 50 tables (alphabetical); later tables cannot be sampled and transfers from them are falsely blocked,"list says ""MySQL connected — 50 tables in `qa_dataflow`"", truncated false (information_schema: 126 tables per QA-B, 133 per QA-C); sample: No table `qa6c7_my_customers` on QA MySQL LIVE; preflight: rc-fidelity-collapse-3120982298f4 … rc-sample-transform-0f3be283e2b2 … g8_reconciliation: Gate-8 cannot prove reconciliation without sample rows — load a source sample before Execute","pf_65e9c473f19c, pf_6699daea0443, pf_b7e4b160faf3, pf_cb095bdfd3f3, pf_68ec19174aab; test_connector 36dc227b-6419-4d29-bf3a-584682c95698",OPEN,38778350725d,TC-B-412 TC-B-413 TC-B-415 TC-B-504 TC-C-701,qa-b/defects.json,Re-checked 03:52Z (23:52 ET). Any table can break when another user creates tables that sort before it; MariaDB connector also capped. Workaround (query mode) hits DEF-B-019.,MySQL/MariaDB inventory read one page of 50 names and treated that page as the full catalog.,already in tree at f125e5df: page size 200 and tables_truncated is reported. Unit-proven. Needs QA retest on a database with more than 50 tables.
DEF-C-041,related: DEF-B-022,P1,Incremental upsert,incremental upsert hard-deletes soft-deleted rows (is_deleted=true) from the destination and reports them as rejected duplicates,"rows id5/id8 vanished; records_processed 1, rejected_rows 1, quarantine_samples {value:""__DF_SQL_NULL__"", reason:""Duplicate identity keys: Identity / uniqueness checks failed on the Validate sample — impacts 2 gate check(s)""}","6ac7116d38778350725de17d (pf_10013e5b2ed7), 6ac7120038778350725de183 (pf_eb93f0152352)",OPEN,38778350725d,TC-C-707,qa-c/DEFECTS-C.md,,is_row_tombstone treated business is_deleted as a hard DELETE. A second path copied the duplicate-identity Validate root onto the job as __DF_SQL_NULL__.,"fixed in code, unit-proven (test_business_soft_delete_is_not_a_hard_delete, test_sqlite_upsert_tombstone_drops_dest_count, test_completed_job_does_not_report_the_validate_root_as_rejected). CDC __deleted/__op still delete. Not a live QA retest."
DEF-C-043,related: DEF-B-032,P1,Export to object storage,"Parquet export to MinIO writes an empty 0-column / 0-row file, then fails claiming the destination is still empty","Row count mismatch: source 300, rejected 0, skipped 0, removed by transform 0, filtered out 0, expanded by transform 0, expected target 300 vs target 0 The destination was empty before this run and is still empty. (176-byte 0-column parquet left in bucket)",6ac7139438778350725de193 (pf_d479c176c9c6); dw-r2 6ac71d966436aaa38583781f (pf_e921d27bd57c),OPEN,6436aaa38583,TC-C-709,qa-c/DEFECTS-C.md,Same route as CSV works (6ac7130a38778350725de18b).,"resolve_target_columns skipped assignment_strategy pending_dest_schema whenever table_exists was not False. Object-store writers omitted table_exists. MinIO does not introspect columns, so every mapping was dropped and the parquet file had zero columns.","fixed in code, unit-proven (test_object_store_create_keeps_pending_columns, test_parquet_export_refuses_a_zero_column_file). S3, GCS, and ADLS writers pass table_exists=False so a pending_dest_schema mapping becomes a column on a new object. An export that still resolves zero columns aborts before upload. Not a live MinIO retest."
DEF-B-025,"related: DEF-B2-011, DEF-A-010/DEF-B-020, DEF-C-020",P1,Restart resilience,"Jobs in flight during a service restart (or worker kill) stay ""running"" forever; a scheduled fire orphaned this way blocks the schedule","Job 6ac700aff48dc537b539e84c stays status running, progress_pct 5, ""Validating mapping and schema…"", completed_at None; schedule S9 run_count 0, next_run_at in the past; ""Claimed by worker de71859ba413:1:b21ad131""/5% with no DB sessions","6ac700aff48dc537b539e84c, 6ac6ff52f48dc537b539e844, schedule 5e3c2d07; 6ac708ce6d6988de7ab39082, 6ac708ea6d6988de7ab39083, 6ac709176d6988de7ab39085; restart #5 orphan 6ac714b038778350725de19b",OPEN,38778350725d,,qa-b/defects.json,"Also recurred 03:06-03:17Z (23:06-23:17 ET) during QA-C worker-kill tests; defects.json says without an API restart (prefix unchanged 6d6988de7ab3), while the QA-B report calls it ""Service restart #4"". Old-prefix 38778350725d jobs were still ""running"" after the 23:59 ET deploy (deploy-watch.md).","The startup orphan scan read list_jobs, the slim list view that drops transfer_request, so no orphan could ever be resumed and the scan only ran at boot. A worker that died after boot left its job running with no lease forever.","fixed in code, unit-proven (test_list_view_strips_the_request_the_sweep_reads, test_running_job_with_no_owner_is_resumed_from_its_checkpoint, test_a_job_with_an_owner_is_left_alone, test_orphan_without_a_request_fails_with_its_committed_rows, test_reclaim_limit_fails_instead_of_looping, test_orphan_that_asked_to_cancel_is_recorded_cancelled). services.orphan_jobs sweeps at boot and every JOB_ORPHAN_SWEEP_SEC: a job with no lease, no local run, no fleet row and idle past the grace is resumed from its checkpoint (at most JOB_ORPHAN_MAX_RECLAIMS), recorded cancelled when cancel was asked, or failed job_orphaned with its committed rows. Every write is compare-and-set. Not a live restart retest."
DEF-B-026,related: DEF-C-034,P1,Restart resilience,"After a restart the job status record freezes at 5% ""running"" although the job finishes its writes; first cancel is a silent no-op; history records a completed job as cancelled/0 rows","Status record frozen at 5% running with records_processed 0 while data was fully written; first cancel_job returned success:true/status:cancelled but changed nothing; CDC cancel cdc_slot_release {""slot_name"":""df_qa_dataflow_qa6b_cdc_pgmy_ff372a31"",""slot"":""absent""}","6ac703bed56ca21e9bc02d5b, 6ac703c8d56ca21e9bc02d5d, 6ac703bfd56ca21e9bc02d5c; no-op acks ack_53e7192239ea4ea19201, ack_1630bcee72e24712b100, ack_354d52ed94c24c569a30",OPEN,d56ca21e9bc0,TC-B-437,qa-b/defects.json,,"Fencing accepted only an equal token, and fences restarted from 1 after a release or a process restart, so a reclaimed run's status writes were refused as stale and the record froze at the dead worker's 5%. The cancel endpoint returned cancelled even when that fenced write was refused.","fixed in code, unit-proven (test_a_newer_fence_supersedes_the_dead_workers_fence, test_acquire_never_hands_out_a_fence_below_the_jobs, test_operator_cancel_is_not_fenced, test_a_job_waiting_for_a_pool_thread_keeps_its_lease). A stored fence at or below the writer's is accepted and only a lower fence is stale; acquire seeds above the job's recorded fence; operator cancel is an unfenced control write and the endpoint returns the real status when nothing was recorded. The lease heartbeat starts at submit, not when a pool thread picks the job up. Not a live restart retest."
DEF-A-010,"dup: DEF-A-SCHED-MISS, DEF-B-020; related: DEF-B-013, DEF-B-025, DEF-B-031",P1,Scheduler,"Individual schedule gets stuck: next_run_at frozen in the past, no further fires, no error","(silent - no error surfaced). B-020: get_schedule next_run_at ""2026-10-08T01:45:00+00:00"", last_run_at ""2026-10-08T01:42:01.974122+00:00"", run_count 12, last_status completed, enabled true; no job for 01:55/02:00 ticks","QA-A schedule 08f7abfc-fac4-4f5d-8f59-0ba5e02ba50c (9 ticks 01:00-01:40Z missed); QA-B S1 f9c91e68, orphan job 6ac6f785a70faf46964f4d30 (cancel ack_6df507259f6f4ea9b4b6)",OPEN,a70faf46964f,TC-A-073 TC-A-075 TC-B-489,qa-a/QA-A-REPORT.md,QA-B root cause for its occurrence: an orphaned in-flight run (DEF-B-025); workaround = cancel the orphan. Fresh schedules 03:12-03:57Z (38778350725d) did not reproduce. QA-A suspected run-now as trigger; QA-B could not reproduce that. DEF-A-SCHED-MISS was rated P2 in OPEN-DEFECTS (single early observation of the same schedule). Cannot be re-tested while DEF-B-031 has the scheduler down.,"next_run_at stayed in the past after a manual run, so the schedule never fired again.",already in tree before this wave. Needs QA retest on a build after that commit.
DEF-B-009,"dup: DEF-ORACLE-CASE-NOTNULL; related: DEF-B-011, DEF-B-016",P1,Oracle as source,Oracle is unusable as a table-mode source (TSTZ flagged lossy; upper-case ID read as NULL; NUMBER types mis-inferred),"(a) Lossy / fidelity collapse … (TS TIMESTAMP_TZ → TIMESTAMPTZ); (b) g9 ""Data integrity failed: expect_column_not_null:ID: 25 failures"" / ""ORDER_ID: 25 failures""; QA-B2: rc-fidelity-collapse-3120982298f4: Lossy / fidelity collapse across type path: Fidelity risk across type path — impacts 3 gate check(s)","pf_93a8d4315bbc, pf_69b18f5a336f, pf_8b08979b2764; QA-B2 pf_e810de40b2a9, pf_0cb61bac9e02, pf_548e2a1ed459, pf_df95ff648827; QA-B upsert pf_d5b199ff7c39",OPEN,"38778350725d (by time, preflight-only)",TC-B-127 TC-B-128 TC-B-129 TC-B-131 TC-B-134 TC-B-367 TC-B-368 TC-B-369 TC-B-370 TC-B-427 TC-B-428 TC-B-429 TC-B-430 TC-B-457 TC-B-458 TC-B-459 TC-B-460 TC-B-507 B2-CDC-21 B2-CDC-22 B2-CDC-23 B2-CDC-24 B2-CDC-25 B2-FRA-21 B2-FRA-22 B2-FRA-23 B2-FRA-24 B2-FRA-25 TC-C-023,qa-b/defects.json,"Blocks all Oracle-source cases in every mode (overwrite, fra, ia, upsert, cdc). Priority conflict: QA-B P1, OPEN-DEFECTS 21:15 P2.","expect_column_not_null used row.get, so an Oracle reader key ID or ORDER_ID counted as null. Flag-shaped 0/1 samples also replaced a declared NUMBER with BOOLEAN (DEF-B-011). TIMESTAMP_TZ to TIMESTAMPTZ on PostgreSQL is not lossy in this tree because that engine has one aware timestamp carrier.",partly fixed. Uppercase keys are found (test_uppercase_oracle_keys_are_not_null_failures). A declared NUMBER is not relabelled BOOLEAN (test_declared_number_is_not_relabelled_boolean). TIMESTAMP_TZ to TIMESTAMPTZ on PostgreSQL is already not lossy and was not re-proven live. Not a live Oracle retest.
DEF-B-010,,P1,MongoDB as source,MongoDB as source is blocked on every relational route: identical TIMESTAMP->TIMESTAMP flagged lossy,"Lossy / fidelity collapse across type path: 3 column(s) collapse fidelity on write (d TIMESTAMP → TIMESTAMP, ts TIMESTAMP → TIMESTAMP, updated_at TIMESTAMP → TIMESTAMP)","pf_161840af94c4; retest pf_f0d61a6b76b7, pf_106a2eaf7123, pf_600d8da98db0, pf_f13351a25c34, pf_3b884080767d",OPEN,6436aaa38583,TC-B-073 TC-B-074 TC-B-075 TC-B-077 TC-B-079 TC-B-080,qa-b/defects.json,"Priority conflict: QA-B P1, OPEN-DEFECTS 21:15 P2.","A BSON datetime sampled as TIMESTAMP was graded NTZ. MySQL TIMESTAMP is an instant, so TIMESTAMP→TIMESTAMP was a false polarity collapse. PostgreSQL/Oracle/SQL Server bare TIMESTAMP keeps at least milliseconds, so the same pair is not a polarity loss. MySQL bare TIMESTAMP is fractional-digits 0 and still drops BSON milliseconds.","partly fixed in code, unit-proven (test_mongo_timestamp_to_timestamp_is_not_a_false_polarity_collapse). Postgres, Oracle, and SQL Server identical TIMESTAMP pairs are not a polarity collapse when the source engine is mongodb. MySQL bare TIMESTAMP stays lossy; create-new stamps DATETIME(3). Not a live Mongo retest."
DEF-A-001,"dup: DEF-05, DEF-SFTP-HOSTKEY; related: DEF-A-002",P1,SFTP connector,SFTP connector cannot be created/tested: untrusted host key is reported as an auth failure and there is no per-connector host-key/fingerprint setting (blocks the daily Excel-on-SFTP scenario),"Could not connect with those credentials: SFTP authentication failed. Check username, password, private key, host, and port. (sshd: Connection closed by 172.17.0.1 [preauth]; paramiko login with the same creds over the same tunnel works)","connectors dbcc32d3-dd44-44c9-909d-b09112544051, ce15a2aa-3e09-4371-ae13-1579fde0072c (21:16 ET); qa-c/artifacts/R-sftp-control.txt",OPEN,"32ef27e7bb7d (by time; connector-only, no job)",TC-A-001 TC-A-003 TC-A-005 TC-A-006 TC-A-007 TC-C-025,qa-a/QA-A-REPORT.md,Every SFTP case is BLOCKED. Not re-tested after later deploys.,"humanize_connection_error matched the word key/authentication inside a host-key refusal and a preauth close, then replaced the fingerprint with 'SFTP authentication failed'. The copilot prefixed that with 'those credentials'. Host-key verification is unchanged.","fixed in code, unit-proven (test_sftp_host_key_refusal_is_not_called_an_auth_failure, test_sftp_preauth_close_is_not_called_an_auth_failure). A real bad password is still an authentication failure. Not a live SSH retest. Not a go-live."
DEF-C-031,"related: DEF-C-020, DEF-B-027, DEF-C-034",P1,Long-running jobs,"1M-row full-refresh overwrite drops a partially loaded table, recreates it empty in a loop and never finishes; counters stay 0; cancel has no effect","No error surfaced. Reached 551200 @ ~2000 rows/s then DROP+CREATE empty ×4; get_job stuck running/0/5%; 2 cancels said cancelled, still running (table dropped at about 22:38:25, recreated empty at 22:39:41, 22:40:53, 22:43:12 and 22:45:28)","6ac7005ff48dc537b539e84a (pf_a04d8a65b44e; cancels ack_8dd03c72fc60424784f4, ack_ca87e34399b74e98af30)",UNCONFIRMED-ENV-DEPLOY,f48dc537b539,TC-C-526,qa-c/DEFECTS-C.md,"Job created 22:30:55 ET and ran across the ~22:32 and ~22:46 ET prefix changes, which deploy-watch.md lists as dev-confirmed deploys. Rerun PENDING (waiting for dev deploys to finish). QA-C still holds that a restart should not cause a drop/recreate loop.",A 1M-row overwrite dropped and recreated the destination in a loop.,same long-writer path as 059974d8. Status on the register is UNCONFIRMED-ENV-DEPLOY. Not re-run live here.
DEF-B2-009,"dup: DEF-C-005, DEF-CDC-RERUN-FENCE (MySQL->PG half)",P1,CDC (MySQL source),MySQL-source CDC catch-up / re-run applies none of the changes made after run 1 and reports completed (silent data loss),"run2 get_job: status: completed, records_processed: 0, error: null (dest id 7 stale, id 21 deleted at source still present, id 56 missing). C-005: resume -> completed, records_processed 0, error null; dest id7 qty=17 vs source 7777; watermark advanced past the change",B2-CDC-06 6ac70efa38778350725de12b / 6ac7111138778350725de179; B2-CDC-09 6ac710a838778350725de171 / 6ac7140738778350725de196 (pf_245ae435df1f); C-005 6ac6eaa132ef27e7bb7d0ccd (ack_3745cc855548434aa578); variant PASS 6ac71e2b6436aaa385837825,NOT RETESTED,38778350725d,TC-B-442 TC-B-445 B2-CDC-06 B2-CDC-09 B2-CDC-10 TC-C-001 TC-C-210,qa-b2/defects.md,"Not reproduced on 6436aaa38583 with a cancel->restart variant (B2-CDC-10), but the failing pattern (run 1 self-completes, then a gap) has not been re-run on the current build; QA-B2 explicitly did not declare it fixed.",MySQL CDC catch-up applied no changes after run 1 and still completed.,"not retested in this session. Count-only completion is now a failure (DEF-CDC-COUNT-ONLY-RECONCILE), which stops a silent complete, but it does not by itself apply the missed changes."
DEF-B-018,,P1,MariaDB -> MySQL,"MariaDB -> MySQL 8.0 table mode: job hangs forever at 5% (""Connecting to destination and creating table…"") — MariaDB-only collation utf8mb4_uca1400_ai_ci carried into MySQL DDL","Plan to_type ""VARCHAR(100) COLLATE UTF8MB4_UCA1400_AI_CI"" passes preflight; job stays running progress_pct 5, error null, ""Connecting to destination and creating table…"" for 14 min and 10 min, no table created; cancelled manually. Direct test on MySQL 8.0.46: CREATE TABLE ... COLLATE utf8mb4_uca1400_ai_ci -> (1273, ""Unknown collation: 'utf8mb4_uca1400_ai_ci'""). Error is swallowed and job never times out.","see QA-B defects.json; re-check run 1 6ac7165599bc2bc3faacd69b (pf_11bdb03585ee), run 2 6ac716cf99bc2bc3faacd6bc (pf_a8acc6e35ead) - no hang",NOT RETESTED,32ef27e7bb7d,TC-B-056,qa-b/defects.json,"Did not recur on maria->mysql incremental_upsert on 99bc2bc3faac, but the original table-mode overwrite repro has not been re-run; not declared fixed.",MariaDB utf8mb4_uca1400_ai_ci was sent to MySQL 8.0 and the CREATE hung.,refusal of uca1400 on MySQL is in 0bbb1ffe. Register status NOT RETESTED. Not re-run live here.
DEF-A-007,"dup: DEF-A-UNICODE-MSSQL; related: DEF-B-003 (the NVARCHAR(100) false block), DEF-R1-002",P1,SQL Server Unicode,Unicode rows quarantined when loading into Unicode-capable SQL Server columns although preflight says every value fits,U+90CE exceeds destination varchar capacity — quarantined (refuse replacement-character invent) / U+0141 exceeds destination varchar capacity — quarantined; Checksum mismatch (balanced): source 1eff62d848b6… vs target 458f8ebd9d68…,"orig 6ac6eb1732ef27e7bb7d0cd1, 6ac6eb9132ef27e7bb7d0cd8; NVARCHAR(MAX) fixed 6ac716e599bc2bc3faacd6be, 6ac7176899bc2bc3faacd6f6; UTF-8 VARCHAR open 6ac7178999bc2bc3faacd6f7, 6ac71d506436aaa38583781c (pf_8118ce9f594d)",PARTLY FIXED,6436aaa38583,TC-A-017 TC-A-019 TC-A-032,qa-a/QA-A-REPORT.md,NVARCHAR(MAX) write path FIXED on 99bc2bc3faac (still needs signed CAST_AND_CONTINUE because of DEF-B-003). UTF-8-collated VARCHAR still quarantines 10/50 on 6436aaa38583 (now rolled back to 0 rows).,"_encoding_dest_type rebuilt VARCHAR(n) from the SQLAlchemy class and dropped COLLATE. A VARCHAR COLLATE Latin1_General_100_CI_AS_SC_UTF8 was then classified cp1252, and cells outside that page were quarantined.","fixed in code, unit-proven (test_utf8_collation_survives_the_encoding_type, test_nvarchar_max_holds_cjk_varchar_quarantines). Rebuilding VARCHAR(n) keeps a COLLATE clause from a VARCHAR stamp, so a UTF-8 collation stays UTF-8. A physical VARCHAR forced down from an NVARCHAR stamp does not inherit that collation. Latin-1 still quarantines a scalar outside the page. Not a live SQL Server retest."
DEF-C-034,related: DEF-B-026,P1,Cancel,"cancel_job reports ""cancelled"" but long jobs keep running and writing","{""success"":true,""status"":""cancelled"",""message"":""Cancellation requested""} while the job keeps running / writing","6ac7053c6d6988de7ab3906f, 6ac7005ff48dc537b539e84a, 6ac7030cd56ca21e9bc02d59; fixed short job 6ac7175899bc2bc3faacd6f5",PARTLY FIXED,99bc2bc3faac,,qa-c/DEFECTS-C.md,FIXED for a short 50k-row job on 99bc2bc3faac (stopped <=10 s). Long-job cancel not re-tested (rerun pending).,cancel_job returned cancelled while the writer kept going.,cancel-before-batch is in 059974d8. QA still saw writers continue on the old process. Needs QA retest on a build that contains the commit.
DEF-B-004,related: DEF-SCHEMALESS-DST-CONTRACT,P1,SQL -> MongoDB,"SQL -> MongoDB create-new blocked; now fixed for PG/Timescale sources, still blocked for MySQL/MariaDB/SQL Server/Oracle sources","rc-fidelity-collapse-03e58f4306c5: Lossy / fidelity collapse across type path: 2 column(s) collapse fidelity on write (ts TIMESTAMP_NTZ(6) → date, updated_at TIMESTAMP_NTZ(6) → date) + ""Gate-8 cannot prove reconciliation without sample rows""","orig pf_cfc85886d471; pass 6ac71bb16436aaa385837741 (pf_ff6f683ff820), 6ac71b196436aaa385837660 (pf_0e289778fb2b); still blocked pf_b143e3213584, pf_af6a8aeb2a3d, pf_a72d772ba213, pf_208007dfc52a",PARTLY FIXED,6436aaa38583,TC-B-022 TC-B-040 TC-B-058 TC-B-094 TC-B-130 TC-B-328,qa-b/defects.json,"Priority conflict: QA-B P1, OPEN-DEFECTS 21:15 table P2 (QA-B latest report used).","BSON date keeps milliseconds. DATETIME(6) / DATETIME2(7) / TIMESTAMP(6) were judged on declaration alone, so every create-new from MySQL, MariaDB, SQL Server and Oracle blocked even for whole-second data. Declaring a zone rewrote the column to a bare TIMESTAMPTZ, which read as no precision, and the writer then truncated microseconds silently; a TIMESTAMPTZ(6) target echoed from the source missed the writer's temporal branch and landed as a string. Gate-8 had no rows because the copilot sampler's failure was logged and dropped and the plan refetch swallowed its exception.","fixed in code, unit-proven (test_whole_millisecond_population_is_not_a_collapse, test_unmeasured_sub_millisecond_column_stays_a_truncation, test_declared_zone_keeps_the_columns_precision, test_writer_quarantines_a_microsecond_cell_and_writes_the_rest, test_live_mongo_round_trip_keeps_milliseconds_and_refuses_microseconds, test_gate8_proves_on_the_engine_sample_when_none_was_posted, test_gate8_names_the_read_failure, test_mongo_create_new_blocks_a_measured_microsecond_before_the_write). A measured population of whole milliseconds is not a collapse; finer or unmeasured stays one; the writer refuses a sub-millisecond cell unless the risk is accepted and reports accepted truncation. Validate reads its own sample through the Execute reader and names a failed read on Gate-8. A zoneless source still needs its zone declared (assume_timezone). Live proof is a local standalone mongod round-trip only; not a live MySQL/SQL Server/Oracle to MongoDB retest."
DEF-B-001,,P1,NULL handling (overwrite),NULLs in nullable non-text columns blocked every SQL->SQL overwrite (EMPTY_VALUE_NOT_NULLABLE); column_profile reports null_rate 0.0,"Sample transform / cast failures: 2 column(s) fail write-path transforms on the Validate sample (amount, ts) — impacts 2 gate check(s) · classes: EMPTY_VALUE_NOT_NULLABLE. Still open part: column_profile.null_rate 0.0 for 7/8 NULLs (only quality_issues says 88%)","orig pf_30589dd02e80, pf_b2da79928104, pf_349dbd32768c, pf_a3f2dcf4ed24; fixed R1 6ac6f910a70faf46964f4d36, 6ac6f911a70faf46964f4d37, 6ac6f9bea70faf46964f4d3c, 6ac6f9c1a70faf46964f4d3e; null_rate pf_9ce5a8e92fb9",PARTLY FIXED,a70faf46964f,TC-B-020 TC-B-343 TC-B-344 TC-B-345 TC-B-346,qa-b/defects.json,Data path FIXED (R1 + QA-B rerun of 10 matrix routes with NULL table). Remaining part is reporting-only (null_rate) - effectively P3 severity but kept under the original ID.,"The overwrite path flattened SQL NULL to an empty string before the nullable check, and column_profile counted the sentinel as a value.","fixed in code, unit-proven (test_lenient_sql_overwrite_treats_nullable_blanks_as_null, test_column_profile_null_rate_keeps_seven_of_eight). SQL NULL stays NULL through Validate and the write, and null_rate reports 7/8. Not a live QA retest."
DEF-A-019,dup: DEF-B-023,P1,Incremental watermark,"Incremental cursor/watermark key omits the destination connector: two destinations of the same type, db and table share one watermark -> second destination silently skips rows and reports success","`Destination reset since the last incremental run: the stored watermark '2026-10-06T08:00:00\x1f30' on 'updated_at' claims those rows are already at rest, but the destination is empty — resuming would skip the whole history and report success. Clear the cursor (POST /api/v1/ops/cdc-cursors/clear with cursor_key 'file::qa6a_upsert.xlsx→mysql:qa_dataflow:qa6a_upsert_key:qa6a_upsert.xlsx') ... \","orig 6ac6f35532ef27e7bb7d0d12, 6ac6f40932ef27e7bb7d0d16 (pf_423830913ab6); fixed 6ac718fa99bc2bc3faacd701, 6ac7193c99bc2bc3faacd703, 6ac719b599bc2bc3faacd707, 6ac71a0b99bc2bc3faacd70a",FIXED-verified,99bc2bc3faac,TC-A-017 TC-B-502,qa-a/QA-A-REPORT.md,"MySQL and MariaDB each got 10 rows on base, then 15 on delta (7 processed each), exact (deploy-watch r1).",QA marked this row fixed on the build named in last_verified_build. This session did not re-run that case.,QA-verified on the recorded build. Not re-run in this session.
DEF-A-003,,P1,Schedules (upsert),Keyed incremental (dedupe-safe) schedule cannot be created for file sources,`Invalid sync_mode: incremental_upsert`,"fixed: schedule 558dd294-ff2d-4609-af8a-cd4b0fafa4a2 (deleted), pf_b2cf991175b1, job 6ac7184099bc2bc3faacd6fc",FIXED-verified,99bc2bc3faac,TC-A-071,qa-a/QA-A-REPORT.md,Staged as incremental_deduped; run-now loaded 20/20 exact. Phantom rc-duplicate-identity blocker still shown (DEF-B-022).,QA marked this row fixed on the build named in last_verified_build. This session did not re-run that case.,QA-verified on the recorded build. Not re-run in this session.
DEF-A-005,,P1,Excel type inference,Excel date cells are inferred TIMESTAMP and blocked as lossy into an existing DATE column (even lenient),`Lossy / fidelity collapse across type path (order_date TIMESTAMP -> DATE)`,"orig pf_45b739420845, pf_4d9a210e1b26; fixed 6ac7179899bc2bc3faacd6f8 (pf_86528066bdf8)",FIXED-verified,99bc2bc3faac,TC-A-030,qa-a/QA-A-REPORT.md,order_date inferred DATE; 50/50 exact.,QA marked this row fixed on the build named in last_verified_build. This session did not re-run that case.,QA-verified on the recorded build. Not re-run in this session.
DEF-A-006,,P1,File type inference,Leading-zero codes (ZIP) inferred INTEGER; load into VARCHAR blocked; auto-create would strip zeros,`Lossy / fidelity collapse across type path (zip_code INTEGER -> VARCHAR)`,"orig pf_dcabecda29c4, pf_bf4923b2de7e; fixed 6ac717a899bc2bc3faacd6f9 (pf_b7c95ca8b564)",FIXED-verified,99bc2bc3faac,TC-A-025 TC-A-033 TC-A-034,qa-a/QA-A-REPORT.md,"zip inferred VARCHAR; 50/50 exact with leading zeros. The original TC-A-025 CSV variant (pf_dcabecda29c4) was not re-run, so TC-A-025 stays FAIL in the case list.",QA marked this row fixed on the build named in last_verified_build. This session did not re-run that case.,QA-verified on the recorded build. Not re-run in this session.
DEF-A-015,"related: DEF-C-024, DEF-C-025",P1,Schema drift (files),Schema drift that needs ADD COLUMN passes preflight (warn only) and the job then fails at write time; manual_review never pauses; type-changed or leading-zero columns are remapped to invented *_text columns,"`Write referenced a column that is not on the destination. Driver reported: column ""discount"" of relation ""qa6a_drift"" does not exist. Rows already written stay on the destination until you address capacity.`","orig 6ac6ef4f32ef27e7bb7d0cf4, 6ac6eff332ef27e7bb7d0cff (pf_12637b4c7294); fixed pf_56cdf5709b32, pf_f534b6a1330f, pf_c31b1d263ab5",FIXED-verified,99bc2bc3faac,TC-A-033 TC-A-040 TC-A-043,qa-a/QA-A-REPORT.md,"CHANGED: now blocked at preflight: schema_drift: Schema change detected — policy 'manual_review' requires review before Execute (include new columns, ignore for this run, or update the contract). GAP: no MCP option to 'include new columns'.",QA marked this row fixed on the build named in last_verified_build. This session did not re-run that case.,QA-verified on the recorded build. Not re-run in this session.
DEF-A-008,"dup: DEF-A-PARTIAL-COMMIT; related: DEF-B2-012, DEF-B2-014",P1,Rollback,Job reported 'failed' but its 40 rows remain committed in the destination (no rollback); retry would duplicate,`Checksum mismatch (balanced): source 1eff62d8... vs target 458f8ebd... Gate-8 still fails: an unexplained digest difference is not proof.`,"orig 6ac6eb9132ef27e7bb7d0cd8 (pf_bfab834544f3); fixed obs 6ac716a399bc2bc3faacd69d, 6ac7178999bc2bc3faacd6f7; 6436: 6ac71d386436aaa38583781b, 6ac71d506436aaa38583781c",FIXED-verified,6436aaa38583,TC-A-019,qa-a/QA-A-REPORT.md,"Fixed for the observed overwrite/MSSQL failure paths (failed job now reports ""The partial batch was removed, so the table is empty again"", dest COUNT=0). Partial commits still occur on other paths: DEF-B2-012 (append) and DEF-B2-014 (CDC) - tracked separately.",QA marked this row fixed on the build named in last_verified_build. This session did not re-run that case.,QA-verified on the recorded build. Not re-run in this session.
DEF-CDC-PG-MYSQL-TSTZ-BIND,related: DEF-C-001,P1,CDC (PG -> MySQL),PG→MySQL CDC fails on first streamed change to a timestamptz column,MySQL 1292 `Incorrect datetime value: '2026-10-08 00:26:39.458238+00' for column 'updated_at'`,orig 6ac6e2fc32ef27e7bb7d0cb7 (pf_6bbc1aa9f79b); fixed R1 3.4 6ac6fe20f48dc537b539e836 (pf_d147f78b235c),FIXED-verified,f48dc537b539,TC-C-002,OPEN-DEFECTS-FOR-DEV.md,1969/2039+05:30/9999/1900/0001/NULL applied exactly (RETEST-R1). The same R1 run exposed DEF-R1-003.,QA marked this row fixed on the build named in last_verified_build. This session did not re-run that case.,QA-verified on the recorded build. Not re-run in this session.
DEF-B-003,related: DEF-A-007,P2,PG -> SQL Server,PG->SQL Server blocked: VARCHAR -> NVARCHAR flagged as fidelity collapse (reverse direction rated 'preserve'),"""Lossy / fidelity collapse across type path: 1 column(s) collapse fidelity on write (name VARCHAR(100) → NVARCHAR(100) COLLATE LATIN1_GENERAL_BIN) — impacts 3 gate check(s)"". MySQL->MSSQL picks LATIN1_GENERAL_CI_AI and passes; MSSQL NVARCHAR->PG VARCHAR rated preserve. | RETEST after 22:xx ET NVARCHAR-fix deploy (2026-10-08 ~02:15Z): STILL BLOCKED, identical message, pf_a0dcf2695c7d (pg qa6b_wm -> mssql qa6b_wm). | Also blocks new matrix cell TimescaleDB -> SQL Server (03:21Z, rc-fidelity-collapse-16772813eb0a, pf_828d5574fa19).",pf_2c2e1d0afcff; pf_a0dcf2695c7d (post-fix); pf_828d5574fa19 (tsdb->mssql),OPEN,6436aaa38583,TC-A-017 TC-B-023 TC-B-149 TC-B-329 TC-B-349 TC-B-354 TC-B-359 TC-B-409 TC-B-439 TC-B-444 TC-B-460 TC-B-511 B2-CDC-03 B2-CDC-08 B2-CDC-24 B2-FRA-03 B2-FRA-08 B2-FRA-13 B2-FRA-29,qa-b/defects.json,Recurred in the 6436aaa38583 overwrite matrix (OPEN-DEFECTS 00:53). Also forces a signed CAST_AND_CONTINUE for the NVARCHAR(MAX) fix of DEF-A-007.,"national_charset_would_invent reads the source engine from a context var. Preflight bound that var only while stamping DDL, so the later lossy gate saw an empty engine and blocked PostgreSQL VARCHAR → SQL Server NVARCHAR.",fixed in code for the coercion report: it binds the plan source engine before analyze_coercion. Unit-proven that a bound postgresql engine is not lossy (test_pg_varchar_to_sqlserver_nvarchar_is_preserve_when_the_source_engine_is_bound). Not a live preflight retest.
DEF-B-005,dup: DEF-B2-003,P2,Schedules (cron),create_schedule rejects explicit 5-field cron with step (*/5 * * * *),"""I could not turn “*/5 * * * *” into a schedule. I can do hourly, daily at a time, weekly on a weekday, a day of the month, every N minutes/hours, or an explicit 5-field cron.""",create_schedule 2026-10-07 20:31 ET,OPEN,6436aaa38583 (create_schedule 00:35 ET),TC-B-467,qa-b/defects.json,"Workaround: ""cron: */5 * * * * UTC"" is accepted (then preview labels it ""daily"", DEF-B-006). DEF-B2-003 (P3, plain ""0 0 1 1 *"" rejected) is the same parser defect.",parse_cadence accepted a 5-field cron only when the word cron was present. Bare */5 * * * * fell through to the failure question.,"fixed in code, unit-proven (test_bare_five_field_cron_is_a_schedule). The runner's validate_cron is the acceptor. Not a live create_schedule retest."
DEF-B-013,related: DEF-A-010,P2,Schedules (resume),"Resume of a disabled cron schedule: catch-up run, then next_run_at set to last-run completion time (past, off-grid) causing an immediate extra fire","confirm returned next_run_at=""2026-10-08T01:10:00+00:00"" (past). Jobs: 01:18:12 catch-up (6ac6ef5432ef27e7bb7d0cf5, 5 rows), then get_schedule next_run_at=last_run_at=""2026-10-08T01:19:32.636921+00:00"" -> extra off-grid fire 01:19:37 (6ac6efa932ef27e7bb7d0cf9, 0 rows, 23 s BEFORE the 01:20 tick), then 01:20:43 on-grid (6ac6efeb32ef27e7bb7d0cfd). 3 runs in 2.5 min on a 5-min cron. Same next_run_at==last_run_at pattern seen read-only on QA-A 08f7abfc (""2026-10-08T01:23:15.299423+00:00"").","schedule f9c91e68-c717-4296-b25f-02eb9ea24984; jobs 6ac6ef5432ef27e7bb7d0cf5, 6ac6efa932ef27e7bb7d0cf9, 6ac6efeb32ef27e7bb7d0cfd",OPEN,32ef27e7bb7d (latest job ID in the defect evidence: 6ac6efeb32ef27e7bb7d0cfd @ 10-07 21:20 ET),TC-B-488 TC-B-489,qa-b/defects.json,,"confirm returned next_run_at=""2026-10-08T01:10:00+00:00"" (past). Jobs: 01:18:12 catch-up (6ac6ef5432ef27e7bb7d0cf5, 5 rows), then get_schedule next_run_at=last_run_at=""2026-10-08T01:19:32.636921+00:00"" -> extra off-grid fire 01:19:37 (6ac6efa932ef27e7bb7d0cf9, 0 rows, 23 s BEFORE the 01:20 tick), then 01:20:43 on-grid (6ac6efeb32ef27e7bb7d0cfd). 3 runs in 2.5 min on a 5-min cron. Same next_run_at==last_run_at pattern seen read-only on QA-A 08f7abfc (""2026-10-08T01:23:15.299423+00:00"").",not fixed in this change. No live matrix was re-run. QA snapshot build is 6436aaa38583.
DEF-B-014,,P2,Schedules (natural language),"Natural-language cadences silently downgraded to anchor-less presets (""weekdays at 21:40"" -> every 7 days; ""hourly at minute 7"" -> every hour from first run)","preview cadence ""every 7 days, starting at the first run"", interval ""weekly"", cron ""(preset interval)"", no first_run_at. Explicit ""cron 40 21 * * 1-5 in America/New_York"" works (first_run 01:40Z). Ack not confirmed. ALSO: cadence ""hourly at minute 7 in America/New_York"" -> preview cadence ""every hour, starting at the first run"", interval ""hourly"", cron ""(preset interval)"" (minute anchor dropped; pf_64823947c04d, ack_354c734dc30a4691a2b4 not confirmed). Explicit ""cron 7 * * * * in America/New_York"" works (first_run 2026-10-08T02:07Z).","ack_ded8cdd6a002458fbbd6, pf_240bd880924c, pf_64823947c04d, ack_354c734dc30a4691a2b4",OPEN,32ef27e7bb7d (latest job in citing FAIL/BLOCKED cases: 6ac6f4a732ef27e7bb7d0d19 @ 10-07 21:40 ET),TC-B-486,qa-b/defects.json,,weekdays at 21:40 and hourly at minute 7 were stored as anchor-less presets.,already in tree before this wave (parse_cadence). Unit-proven in test_weekdays_and_hourly_minute_keep_their_anchor. QA build 6436aaa38583 predates it. Needs retest.
DEF-B-017,"related: DEF-B-019, DEF-C-026, DEF-C-045",P2,Query-mode type inference,"Query mode infers column types from a 50-row sample, ignoring result-set metadata and explicit CASTs; job then fails at runtime","Plan column_types amount ""DECIMAL(4,2)"", big_val ""INTEGER"", name ""VARCHAR"" (->TEXT); preflight only warns g3f ""No unfit value in 50 scanned row(s), but 3 bounded column(s) are not population-proven""; job failed: ""Lossy / fidelity collapse across type path: 1 column(s) collapse fidelity on write (amount DECIMAL(5,2) → DECIMAL(4,2)) — impacts 1 gate check(s)"". With CAST(amount AS DECIMAL(10,2)) + ORDER BY id DESC the sample gives DECIMAL(5,2) and the job passes (200/200) but dest amount is decimal(5,2) — any later value >999.99 will fail.",job 6ac6f35232ef27e7bb7d0d11 (pf_45dd8c70ca8c) FAILED; job 6ac6f3d132ef27e7bb7d0d15 (pf_e59f8c310472) PASS with narrowed types,OPEN,32ef27e7bb7d (latest job ID in the defect evidence: 6ac6f3d132ef27e7bb7d0d15 @ 10-07 21:37 ET),TC-B-092,qa-b/defects.json,,"Plan column_types amount ""DECIMAL(4,2)"", big_val ""INTEGER"", name ""VARCHAR"" (->TEXT); preflight only warns g3f ""No unfit value in 50 scanned row(s), but 3 bounded column(s) are not population-proven""; job failed: ""Lossy / fidelity collapse across type path: 1 column(s) collapse fidelity on write (amount DECIMAL(5,2) → DECIMAL(4,2)) — impacts 1 gate check(s)"". With CAST(amount AS DECIMAL(10,2)) + ORDER BY id DESC the sample gives DECIMAL(5,2) and the job passes (200/200) but dest amount is decimal…",not fixed in this change. No live matrix was re-run. QA snapshot build is 6436aaa38583.
DEF-B-019,dup: DEF-C-038,P2,MariaDB/MySQL query-mode type inference,MariaDB query mode infers absurd DECIMAL types for VARCHAR/DATE/DATETIME/BOOL columns,"Preflight blocked this transfer, so I won't start it — rc-fidelity-collapse-1cda98e54a9c: Lossy / fidelity collapse across type path: 5 column(s) collapse fidelity on write (name DECIMAL(400,39) → TEXT, is_active DECIMAL(1,0) → BOOLEAN, d DECIMAL(10,0) → DATE, ts DECIMAL(26,6) → DATETIME(6), updated_at DECIMAL(26,6) → DATETIME(6)) — impacts 5 gate check(s) (run pf_fa4ac648fca6).","pf_fa4ac648fca6, pf_9bf01166563a (plain SELECT of the same columns: name DECIMAL(400,0) → TEXT ...)",OPEN,38778350725d,TC-B-056 TC-C-702,qa-b/defects.json,"DEF-C-038 (MySQL query mode, ""name DECIMAL(400,0) → TEXT"", pf_68a88fd6ca90) is the same root cause; it also blocks the DEF-B-028 workaround.","Preflight blocked this transfer, so I won't start it — rc-fidelity-collapse-1cda98e54a9c: Lossy / fidelity collapse across type path: 5 column(s) collapse fidelity on write (name DECIMAL(400,39) → TEXT, is_active DECIMAL(1,0) → BOOLEAN, d DECIMAL(10,0) → DATE, ts DECIMAL(26,6) → DATETIME(6), updated_at DECIMAL(26,6) → DATETIME(6)) — impacts 5 gate check(s) (run pf_fa4ac648fca6).",not fixed in this change. No live matrix was re-run. QA snapshot build is 6436aaa38583.
DEF-B-021,dup: DEF-A-004,P2,incremental_append,"incremental_append is unusable: without upsert_key start_transfer returns a raw KeyError ""'primary_key'""; with upsert_key the mode is silently rewritten to incremental_upsert","Call 1 returned only: 'primary_key' (raw Python KeyError text, no ack). Call 2 preview label ""(incremental_upsert)"", preview.sync_mode ""incremental_upsert"", stream_contracts sync_mode ""incremental_deduped"" although incremental_append was requested. Re-confirmed 02:31Z on pg.qa6b_ia_pgmy->mysql (cursor updated_at insert_only) and mysql.qa6b_ia_mypg->pg (cursor id monotonic_sequence): both return only 'primary_key'.","call 1: no ack/pf; call 2: ack_64e38f5938274432b901, pf_3e1a9510014a",OPEN,n/a (no job evidence; preflight/connector-level only),TC-A-071 TC-B-377 TC-B-378 TC-B-379 TC-B-380 TC-B-381 TC-B-382 TC-B-383 TC-B-384 TC-B-385 TC-B-386 TC-B-387 TC-B-388 TC-B-389 TC-B-390 TC-B-391 TC-B-392 TC-B-393 TC-B-394 TC-B-395 TC-B-396 TC-B-397 TC-B-398 TC-B-399 TC-B-400 TC-B-401 TC-B-402 TC-B-403 TC-B-404 TC-B-405 TC-B-406 TC-B-502 B2-IA-01 B2-IA-02 B2-IA-03 B2-IA-04 B2-IA-05 B2-IA-06 B2-IA-07 B2-IA-08 B2-IA-09 B2-IA-10 B2-IA-11 B2-IA-12 B2-IA-13 B2-IA-14 B2-IA-15 B2-IA-16 B2-IA-17 B2-IA-18 B2-IA-19 B2-IA-20 B2-IA-21 B2-IA-22 B2-IA-23 B2-IA-24 B2-IA-25 B2-IA-26 B2-IA-27 B2-IA-28 B2-IA-29 B2-IA-30,qa-b/defects.json,Makes incremental_append unusable: QA-B2 incremental_append 30/30 FAIL on this defect. Without upsert_key: raw KeyError 'primary_key' (DEF-A-004).,"A cursor-only incremental_append contract has no primary_key key. Indexing it raised KeyError, and an explicit key rewrote the mode to upsert.","guards are already in tree (_primary_key_csv, incremental_append is not rewritten). Not re-executed against QA Postgres/MySQL in this session. Needs QA retest. Do not treat as live-green."
DEF-B-022,"dup: DEF-PHANTOM-DUP-IDENTITY, DEF-C-002, DEF-A-009; related: DEF-B-006 (blocker-while-passed part), DEF-C-041",P2,Validation / quarantine reporting,"Phantom quarantine: clean incremental_upsert job reports rejected_rows=1 with internal sentinel ""__DF_SQL_NULL__"" and the cosmetic duplicate-identity blocker as reason, while status is plain ""completed"" and dest has all rows","get_job: records_processed 50, rejected_rows 1, quarantine_row_count 1, quarantine_samples [{row:null,column:null,value:""__DF_SQL_NULL__"",reason:""Duplicate identity keys: Identity / uniqueness checks failed on the Validate sample — impacts 2 gate check(s)""}], status ""completed"". Dest cmp: 50/50, 0 missing, 0 diff. Internal NULL sentinel leaks into API (likely regression from DEF-B-001 fix deploy). Not universal: pg->oracle incremental job 6ac6fce2f48dc537b539e82b reported rejected_rows 0. list_jobs and get_job disagree: list_jobs shows rejected_rows 0 for 6ac6fb92f48dc537b539e81d while get_job shows 1.","job 6ac6fbdef48dc537b539e81f, pf_3e1a9510014a; also jobs 6ac6fb16a70faf46964f4d47 (maria->pg upsert run2, 8 rec, rejected 1) and 6ac6fb92f48dc537b539e81d (pg->ora upsert run2, rejected 1) — every incremental_upsert job since resume-3 deploy; dest verified complete in all three",OPEN,6436aaa38583,TC-A-014 TC-A-015 TC-A-071 TC-B-347 TC-B-349 TC-B-408 TC-B-419 TC-B-420 TC-B-422 TC-B-437 TC-B-438 TC-B-442 TC-B-443 TC-B-444 TC-B-445 TC-B-449 TC-B-450 TC-B-452 TC-B-453 TC-B-454 TC-B-455 TC-B-457 TC-B-458 TC-B-459 TC-B-502 TC-B-503 TC-B-505 TC-B-506 TC-B-508 TC-B-509 TC-B-510 B2-CDC-01 B2-CDC-02 B2-CDC-05 B2-CDC-06 B2-CDC-07 B2-CDC-08 B2-CDC-09 B2-CDC-10 B2-CDC-13 B2-CDC-14 B2-CDC-15 B2-CDC-16 B2-CDC-17 B2-CDC-18 B2-CDC-19 B2-CDC-20 B2-CDC-21 B2-CDC-22 B2-CDC-23 B2-CDC-25 B2-CDC-26 B2-FRA-01 B2-FRA-03 TC-C-005 TC-C-414,qa-b/defects.json,"Priority conflict: QA-B P2 vs OPEN-DEFECTS/QA-C P3 (DEF-PHANTOM-DUP-IDENTITY / DEF-C-002). Phantom __DF_SQL_NULL__ rejected_rows=1 on every keyed job, still on 6436aaa38583.","get_job hydrated a Validate root-cause blocker that has no cell. quarantine_cell_wire(None) stored __DF_SQL_NULL__, so a completed 50/50 load reported rejected_rows=1 while list_jobs read the stored 0.","fixed in code, unit-proven (test_root_cause_identity_sentence_is_not_a_null_quarantine_row, test_completed_job_does_not_report_the_validate_root_as_rejected). A completed job no longer reports that sentence as a rejected row. Not a live QA retest."
DEF-B-029,,P2,Oracle destination (upsert),Oracle destination created with TIMESTAMP(6) although plan says TIMESTAMP(7); the next incremental run on the same route is then blocked as a narrowing schema drift (route breaks itself after run 1),"Preflight blocked this transfer, so I won't start it — rc-fidelity-collapse-2d1a8d7804e5: Lossy / fidelity collapse across type path: 2 column(s) collapse fidelity on write (ts TIMESTAMP_TZ(7) → TIMESTAMP WITH TIME ZONE, updated_at TIMESTAMP_NTZ(7) → TIMESTAMP) — impacts 6 gate check(s); rc-duplicate-identity-f27ec706de6b: Duplicate identity keys ...; schema_drift: Breaking schema change: narrow_type — sync paused for review (Datawrap fail-closed); proof_2: Breaking schema change: narrow_type — sync paused for review (Datawrap fail-closed) (run pf_5597018b925a) . Second attempt with lowercase dest name: identical block (run pf_b435ecafc992). Data from run 1 is correct (cmp 50/50 0 diffs at microsecond resolution), but incremental_upsert can never run a second time on this route without manual Map remap / CAST_AND_CONTINUE contract.","run1 job 6ac7110d38778350725de178 pf_eb951eb29560; run2 blocked pf_5597018b925a, pf_b435ecafc992",OPEN,38778350725d (latest job ID in the defect evidence: 6ac7110d38778350725de178 @ 10-07 23:42 ET),TC-B-425,qa-b/defects.json,Only FAIL in the incremental_upsert core-30 grid (mssql -> oracle).,"Preflight blocked this transfer, so I won't start it — rc-fidelity-collapse-2d1a8d7804e5: Lossy / fidelity collapse across type path: 2 column(s) collapse fidelity on write (ts TIMESTAMP_TZ(7) → TIMESTAMP WITH TIME ZONE, updated_at TIMESTAMP_NTZ(7) → TIMESTAMP) — impacts 6 gate check(s); rc-duplicate-identity-f27ec706de6b: Duplicate identity keys ...; schema_drift: Breaking schema change: narrow_type — sync paused for review (Datawrap fail-closed); proof_2: Breaking schema change: narrow_type — …",not fixed in this change. No live matrix was re-run. QA snapshot build is 6436aaa38583.
DEF-B-032,"related: DEF-GCS-DST-CREATE, DEF-MINIO-ALIAS, DEF-C-043, DEF-C-044",P2,DB -> object storage,"Relational -> object store (MinIO, FakeGCS) create-new overwrite blocked for every format: all 8 columns reported as fidelity collapse, even for typed Parquet; MinIO introspection not implemented","All four blocked with no job: ""rc-fidelity-collapse-39760f09c89c: Lossy / fidelity collapse across type path: 8 column(s) collapse fidelity on write (id, big_val, amount, name, is_active (+3 more)) — impacts 3 gate check(s)"" (pg csv pf_e60708f1c59f, pg parquet pf_64bcbd24269c, pg->gcs parquet pf_47b185a2d283). MySQL source adds ""rc-sample-transform-0f3be283e2b2: Sample transform / cast failures"" and ""Gate-8 cannot prove reconciliation without sample rows"" (pf_f23afda8ff85) although the table has 200 rows. list_connector_objects QA MinIO v5: connected false, ""Introspection for `minio` not yet implemented"" (bucket qa19-bucket). Same shape as the original DEF-B-004 for Mongo (now fixed for PG sources).","pf_e60708f1c59f, pf_64bcbd24269c, pf_47b185a2d283, pf_f23afda8ff85; MinIO connector e9e9a6b5-83e8-4bfb-b7d7-ebf29a43242d",OPEN,6436aaa38583,TC-B-034 TC-B-036 TC-B-052,qa-b/defects.json,Contradiction: TC-A-082 (QA-A) records a DB->file export PASS and DEF-C-043 shows a CSV export to MinIO working (6ac7130a38778350725de18b); QA-B blocked every format on create-new.,"All four blocked with no job: ""rc-fidelity-collapse-39760f09c89c: Lossy / fidelity collapse across type path: 8 column(s) collapse fidelity on write (id, big_val, amount, name, is_active (+3 more)) — impacts 3 gate check(s)"" (pg csv pf_e60708f1c59f, pg parquet pf_64bcbd24269c, pg->gcs parquet pf_47b185a2d283). MySQL source adds ""rc-sample-transform-0f3be283e2b2: Sample transform / cast failures"" and ""Gate-8 cannot prove reconciliation without sample rows"" (pf_f23afda8ff85) although the table has…",not fixed in this change. No live matrix was re-run. QA snapshot build is 6436aaa38583.
DEF-B2-002,"dup: DEF-A-012 (QA-A P3), DEF-C-027 (g6 half)",P2,full_refresh_append preflight,"Preflight passes run 2 although the collision is certain; g6 says the probe could not run although the dest table exists and is readable (same preflight reports ""target table exists"")",g6_target_ddl warn: `Append duplicate check on id did not run (Destination connection or table unavailable for collision probe). A second copy of a stored row would land. Re-run Validate once the destination can be read.`,"pf_eda579c84d2a, pf_848355a27173, pf_135dc324abcd, pf_ea1bcf5c7b14, pf_03b0857e0f76 ; reproduced on the same 13 run2 preflights this session (g6 'did not run')",OPEN,6436aaa38583,TC-B-347 TC-B-348 TC-B-349 TC-B-350 TC-B-352 TC-B-353 TC-B-354 TC-B-357 TC-B-359 TC-B-360 TC-B-362 TC-B-365 B2-FRA-01 B2-FRA-02 B2-FRA-03 B2-FRA-04 B2-FRA-05 B2-FRA-06 B2-FRA-07 B2-FRA-08 B2-FRA-10 B2-FRA-11 B2-FRA-13 B2-FRA-14 B2-FRA-15 B2-FRA-16 B2-FRA-19 B2-FRA-20 B2-FRA-28 B2-FRA-29 B2-FRA-30 TC-C-412,qa-b2/defects.md,,g6_target_ddl warn: `Append duplicate check on id did not run (Destination connection or table unavailable for collision probe). A second copy of a stored row would land. Re-run Validate once the destination can be read.`,not fixed in this change. No live matrix was re-run. QA snapshot build is 6436aaa38583.
DEF-B2-004,,P2,prepare_cdc_source,"prepare_cdc_source stages MySQL-only setup (REPLICATION grants + gtid_mode) for SQL Server, Oracle, TimescaleDB and MariaDB connectors, flagged destructive=true. Wrong engine DDL; nothing tells the operator the source is unsupported (Timescale) or what SQL Server/Oracle really need (sys.sp_cdc_enable_db / supplemental logging). Not confirmed by QA.","preview: `GRANT REPLICATION SLAVE, REPLICATION CLIENT …, then persist gtid_mode when allowed`","ack_5a17bf082a9b41759d73 (SQL Server), ack_2315799111f04fc493e5 (Oracle), ack_6a74fcea84cd4c928530 (Timescale), ack_e14809a24a6844dfb5ee (MariaDB)",OPEN,n/a (no job evidence; preflight/connector-level only),,qa-b2/defects.md,,"prepare_cdc_source previewed a MySQL GRANT and gtid_mode, marked destructive, for every engine that was not PostgreSQL. Confirm only applies that SQL for MySQL and MariaDB.","fixed in code, unit-proven (test_cdc_prepare_does_not_stage_mysql_grants_for_other_engines). SQL Server, Oracle, and TimescaleDB are not staged. MariaDB stages the replication grant and says gtid_mode is not applied. Not a live QA retest."
DEF-B2-005,,P2,CDC (Timescale source),"Preflight passes CDC from an unsupported source (TimescaleDB): g9_sync_contract ""Sync contract valid for cdc"". The job then fails with a misleading headline; the real reason only appears in the quarantine sample. get_transfer_capabilities does not list this restriction.",headline: `Duplicate identity keys: Identity / uniqueness checks failed on the Validate sample — impacts 1 gate check(s); Sync mode contract incomplete`; quarantine reason: `CDC is not supported for source type 'timescaledb'`,"pf_e3d02cbfd851, job 6ac70bdb38778350725de0fe (B2-CDC-26)",OPEN,38778350725d (latest job ID in the defect evidence: 6ac70bdb38778350725de0fe @ 10-07 23:19 ET),B2-CDC-26 B2-CDC-27 B2-CDC-28 B2-CDC-29 B2-CDC-30,qa-b2/defects.md,,A TimescaleDB connector whose format was read as postgresql passed g9 as CDC-capable. The unsupported reason was not in get_transfer_capabilities.,"fixed in code, unit-proven (test_timescaledb_cdc_contract_blocks_even_when_format_was_aliased, test_capabilities_name_the_cdc_sources). g9 blocks timescaledb. Capabilities list cdc_capable_sources and state that timescaledb is not CDC-capable. Not a live QA retest."
DEF-B2-011,"related: DEF-B-025, DEF-B2-012",P2,Schedules / deploy resilience,"A deploy orphaned a schedule's in-flight run (old-prefix job stuck at ""Reconciling data (8s)…"", progress 99%). After that, run_schedule_now on that schedule always fails with a Python TypeError, even after the orphan is cancelled and after the deploy finishes. Other schedules run fine (a62f1bbb ran job 6ac7158399bc2bc3faacd695 at the same time). Also, jobs orphaned by any deploy stay ""running"" forever and block reruns (""A run is already in progress for this schedule, the same destination table, or the same source→destination pair."") until they are cancelled by hand.","confirm_action(run_schedule): `Failed to run pipeline: can't subtract offset-naive and offset-aware datetimes` (×3, ack_c2ef423b13114a74b7be, ack_eb848a1de0e74dc38f85 …)","schedule 3901c62e-32af-4ab2-a187-ad47393cca13, orphan job 6ac714bf38778350725de19c; orphans 6ac70b646d6988de7ab39093, 6ac7091b6d6988de7ab39086, 6ac7098b6d6988de7ab39087",OPEN,99bc2bc3faac,B2-FRA-27,qa-b2/defects.md,,The orphaned run's stored running_started_at came back from Mongo naive and was subtracted from an aware now when Run now recorded the finished claim.,"fixed in code, unit-proven (test_manual_run_after_an_orphaned_claim_with_a_naive_start). Every _finalize_run caller reads the start through _parse_ts (UTC-aware). The orphan itself is settled by the orphan-job sweep (DEF-B-025). Not a live deploy retest."
DEF-A-002,related: DEF-A-001,P2,SFTP connector,SFTP URL-form connection string drops host and port,"`list_connectors shows host """"; test returns the same SFTP auth error`",connector dbcc32d3-dd44-44c9-909d-b09112544051,OPEN,32ef27e7bb7d (by time; connector-only),TC-A-004,qa-a/QA-A-REPORT.md,,"create_connector stored host as empty when the only endpoint was an sftp:// URI. list_connectors then showed host """". parse_sftp_config already read the URI at dial time; the saved document did not.","fixed in code, unit-proven (test_sftp_create_keeps_host_from_the_uri, test_sftp_uri_fills_empty_host_and_keeps_an_explicit_host, test_extract_url_credentials_reads_sftp_uri). An explicit host is not overwritten. Not a live connector retest."
DEF-A-018,,P2,File loads (empty file),Header-only (no-data) file is blocked as a breaking type change instead of completing as a 0-row run,"`Lossy / fidelity collapse across type path: 5 column(s) collapse fidelity on write (order_id, order_date, quantity, unit_price, amount) ... Gate-8 cannot prove reconciliation without sample rows ... Breaking schema change: type_change — sync paused for review`",pf_7aae65b01098,OPEN,n/a (no job evidence; preflight/connector-level only),TC-A-051,qa-a/QA-A-REPORT.md,,"A header-only file was judged on string placeholders inferred from no values (type_change against the stored schema, string to INTEGER collapse), and Gate-1 required sample rows to call a file parseable.","fixed in code, unit-proven (test_header_only_file_is_a_zero_row_run_not_a_type_change[batch/stream], test_header_only_preview_without_a_population_is_still_unproven, test_a_new_header_on_an_empty_file_is_still_drift). An empty population (stored upload or Execute batch) is a measured empty source; inferred placeholders yield to the declared, previous, or live destination type; a new header name is still drift. Not a live scheduled S3 retest."
DEF-B-011,related: DEF-B-009,P2,Oracle source (query mode),Oracle query mode: product invents BOOLEAN target for NUMBER column then blocks it as lossy,"""1 column(s) collapse fidelity on write (is_active DECIMAL(1,0) → BOOLEAN)"" / ""(is_active DECIMAL(5,0) → BOOLEAN)""","pf_cf8384d86e37, pf_d023719f9fc0",OPEN,n/a (no job evidence; preflight/connector-level only),TC-B-127 TC-B-367 TC-B-368 TC-B-369 TC-B-370 TC-B-457 TC-B-458 TC-B-459 TC-B-460 B2-CDC-21 B2-CDC-22 B2-CDC-23 B2-CDC-24 B2-CDC-25 B2-FRA-21 B2-FRA-22 B2-FRA-23 B2-FRA-24 B2-FRA-25,qa-b/defects.json,,"Sample inference promotes is_active values 0 and 1 to BOOLEAN. That guess replaced a cursor or catalog DECIMAL(1,0) or DECIMAL(5,0), and create-new copied BOOLEAN onto the destination. Validate then blocked DECIMAL to BOOLEAN.","fixed in code, unit-proven (test_declared_number_is_not_relabelled_boolean, test_oracle_number_type_object_is_decimal_not_boolean, test_create_new_does_not_stamp_boolean_on_a_declared_number). File 0/1 on is_active stays BOOLEAN. Not a live Oracle query retest."
DEF-C-003,"dup: DEF-KAFKA-RECON, DEF-KAFKA-LIST, DEF-KAFKA; related: DEF-SPECIALTY-SAMPLE",P2,Kafka,Kafka destination regression: PG→Kafka preflight-blocked,"g4 ""9 mapping(s) require a signed Migration Risk Contract…"", topic existence unknown because topic listing throws `KafkaConfigurationError: Unrecognized configs: {'api_version_auto_timeout_ms'}`.","pf_a5920f31819d, pf_02504a7145d5",OPEN,n/a (no job evidence; preflight/connector-level only),TC-C-008 TC-C-009,qa-c/DEFECTS-C.md,,"g4 ""9 mapping(s) require a signed Migration Risk Contract…"", topic existence unknown because topic listing throws `KafkaConfigurationError: Unrecognized configs: {'api_version_auto_timeout_ms'}`.",not fixed in this change. No live matrix was re-run. QA snapshot build is 6436aaa38583.
DEF-C-009,,P2,"Type mapping NUMERIC(p,3)","NUMERIC(p,3) columns mapped to TEXT (""samples are not numeric"") → self-inflicted fidelity-collapse block, even PG→PG","reasoning ""sample-validated (100%, n=8) · samples are not numeric — CREATE/ADD 'c002' as TEXT""; column_profile numeric_kind=fixed_decimal, parse_rate 1.0; same values cast to scale 2 map correctly. Any scale-3 decimal (weights, FX rates, quantities) blocks the route.",pf_c072c7188d11 (re-verify 00:00-00:15 ET),OPEN,99bc2bc3faac (by time; preflight),TC-C-213 TC-C-214 TC-C-513 TC-C-717,qa-c/DEFECTS-C.md,"Reproduces on 99bc2bc3faac: ""n3 DECIMAL(12,3) → LONGTEXT"".","Numeric inference read a three-decimal wire value as not numeric under the auto number locale, so NUMERIC(p,3) was created as TEXT.","fixed in code, unit-proven (test_three_decimal_wire_stays_decimal_auto_does_not). A typed source renders canonical decimals, so the wire locale keeps NUMERIC(p,3). Not a live QA retest."
DEF-C-010,,P2,Redis destination,"Redis destination: ""Redis identity missing — no id-like column found"" with an `id` column (and with primary_key=id); false reconcile message","Repro: start_transfer PG qa19_products → QA Redis Box `qa6c_products` with risk_acceptance (CAST_AND_CONTINUE); preflight pf_bf8946965f10 PASS (g6 ""identity key checked"") → job 6ac6ef5b32ef27e7bb7d0cf6 FAILED, 200/200 quarantined. Again with primary_key=id (pf_5109e7ee3dcd) → job 6ac6efd732ef27e7bb7d0cfc FAILED, error ""200 more row(s) are in the destination (independent COUNT(*)) … than were read"". Verified: `redis-cli --scan --pattern '*qa6c*'` → none; dbsize 200 (pre-existing qa19 hashes). Reconcile counts unrelated keys in db0.","pf_bf8946965f10, 6ac6ef5b32ef27e7bb7d0cf6, pf_5109e7ee3dcd, 6ac6efd732ef27e7bb7d0cfc",OPEN,32ef27e7bb7d (latest job ID in the defect evidence: 6ac6efd732ef27e7bb7d0cfc @ 10-07 21:20 ET),TC-C-225,qa-c/DEFECTS-C.md,,"Repro: start_transfer PG qa19_products → QA Redis Box `qa6c_products` with risk_acceptance (CAST_AND_CONTINUE); preflight pf_bf8946965f10 PASS (g6 ""identity key checked"") → job 6ac6ef5b32ef27e7bb7d0cf6 FAILED, 200/200 quarantined. Again with primary_key=id (pf_5109e7ee3dcd) → job 6ac6efd732ef27e7bb7d0cfc FAILED, error ""200 more row(s) are in the destination (independent COUNT(*)) … than were read"". Verified: `redis-cli --scan --pattern '*qa6c*'` → none; dbsize 200 (pre-existing qa19 hashes). Rec…",not fixed in this change. No live matrix was re-run. QA snapshot build is 6436aaa38583.
DEF-C-011,related: DEF-B-021,P2,Sync-mode rewrite,Supplying primary_key silently changes the requested sync mode,"Repro: start_transfer … sync_mode=full_refresh_overwrite, primary_key=id → staged label ""(incremental_upsert)"", cursor updated_at auto-inferred (ack_28325ada65a14a5c81fb). User asked for overwrite; mode changed without a warning.",pf_14a3de564eba,OPEN,99bc2bc3faac (by time; preflight),TC-C-224,qa-c/DEFECTS-C.md,"Reproduces on 99bc2bc3faac: ""upsert"" -> incremental_deduped ""Missing cursor field"".","Repro: start_transfer … sync_mode=full_refresh_overwrite, primary_key=id → staged label ""(incremental_upsert)"", cursor updated_at auto-inferred (ack_28325ada65a14a5c81fb). User asked for overwrite; mode changed without a warning.",not fixed in this change. No live matrix was re-run. QA snapshot build is 6436aaa38583.
DEF-C-013,,P2,DynamoDB connector,"DynamoDB endpoint built as ""http://http://bore.pub:20988:443""; preflight passes, job fails","Repro: PG qa19_products → QA DynamoDB Local v5 (host saved as `http://bore.pub:20988`), risk_acceptance; pf_d83154923c52 PASS; job 6ac6efa532ef27e7bb7d0cf7 FAILED ""Privilege catalog unavailable … Could not connect to the endpoint URL: \""http://http://bore.pub:20988:443\"""". Same root as DEF-S3-ENDPOINT-FORM (port 443 appended).","pf_d83154923c52, 6ac6efa532ef27e7bb7d0cf7",OPEN,32ef27e7bb7d (latest job ID in the defect evidence: 6ac6efa532ef27e7bb7d0cf7 @ 10-07 21:19 ET),TC-C-226,qa-c/DEFECTS-C.md,,The DynamoDB endpoint builder prefixed a scheme onto a host that already carried one and appended the default 443.,"fixed in code, unit-proven (test_dynamodb_endpoint_collapses_doubled_scheme_and_default_port). A saved http://host:port is used as is. Not a live DynamoDB Local retest."
DEF-C-015,,P2,recommend_sync_mode advice,recommend_sync_mode gives unsafe advice,"Repro 1: recommend_sync_mode {workload:""orders table, 10M rows, updates and deletes, need near-real-time"", has_cursor:true, has_primary_key:true} → ""Incremental Append"" (no dedupe, misses deletes → duplicates and stale deleted rows). Expected CDC or incremental_upsert/mirror. Repro 2: {workload:""report query output, deletes happen"", has_cursor:false, has_primary_key:false, source_read_mode:""query""} → ""Full Refresh Append"" (duplicates the full result every run) while `requires.cursor:true`. Expected full_refresh_overwrite.",,OPEN,n/a (no job evidence; preflight/connector-level only),TC-C-405 TC-C-406,qa-c/DEFECTS-C.md,,"Repro 1: recommend_sync_mode {workload:""orders table, 10M rows, updates and deletes, need near-real-time"", has_cursor:true, has_primary_key:true} → ""Incremental Append"" (no dedupe, misses deletes → duplicates and stale deleted rows). Expected CDC or incremental_upsert/mirror. Repro 2: {workload:""report query output, deletes happen"", has_cursor:false, has_primary_key:false, source_read_mode:""query""} → ""Full Refresh Append"" (duplicates the full result every run) while `requires.cursor:true`. Expec…",not fixed in this change. No live matrix was re-run. QA snapshot build is 6436aaa38583.
DEF-C-022,,P2,Empty source table,Empty source table cannot be transferred (false preflight block),"start_transfer QA Postgres LIVE.qa6c_empty (0 rows) → QA MySQL LIVE.qa6c_empty_my, full_refresh_overwrite → blocked (pf_3b25de381485): ""rc-fidelity-collapse-3120982298f4: Lossy / fidelity collapse across type path: Fidelity risk across type path — impacts 3 gate check(s); open Map for column detail; rc-sample-transform-0f3be283e2b2: Sample transform / cast failures …; g8_reconciliation: Gate-8 cannot prove reconciliation without sample rows — load a source sample before Execute"". Expected: an empty table passes (no lossy mappings; the 1-row qa6c_one with the same column types passes, pf_965ee47b38b7) and creates an empty destination table.",pf_230cde97822d,OPEN,99bc2bc3faac (by time; preflight),TC-C-511 TC-C-716,qa-c/DEFECTS-C.md,Reproduces on 99bc2bc3faac.,"Validate had no notion of a measured empty source: a read that returned 0 rows was judged as a missing sample by Gate-5/8/9, and Validate ran its gates without the source engine Execute binds, so code-page rules fired on Unicode sources.","fixed in code, unit-proven (test_empty_table_passes_and_names_the_zero_row_proof[mysql/postgresql/sqlserver], test_failed_read_of_a_table_still_blocks, test_a_filter_that_matches_no_sampled_row_is_not_an_empty_source). An engine read that returns no row passes Gate-5/8/9 as a 0-row proof and Execute reconciles 0 = 0; a failed read or an over-filtered sample still blocks with its reason. run_file_preflight binds the source engine for every gate. Not a live PostgreSQL to MySQL retest."
DEF-C-023,dup: DEF-QUEUE (remaining PARTIAL part),P2,Cancel counters,Cancelled job reports 0 rows while the full table is written,"qa6c_comp_pk_rt exists with all 90 rows (Σqty 855, identical to the source). Expected: cancellation either stops the write (no or partial destination with truthful counters), or the job reports that it completed or wrote 90 rows. Operators will believe nothing landed.",6ac7175899bc2bc3faacd6f5,OPEN,99bc2bc3faac,TC-C-006 TC-C-515 TC-C-720,qa-c/DEFECTS-C.md,"Reproduces on 99bc2bc3faac: records_processed 0 while 20,000 rows remain in qa6c7_cancel_my.","qa6c_comp_pk_rt exists with all 90 rows (Σqty 855, identical to the source). Expected: cancellation either stops the write (no or partial destination with truthful counters), or the job reports that it completed or wrote 90 rows. Operators will believe nothing landed.",not fixed in this change. No live matrix was re-run. QA snapshot build is 6436aaa38583.
DEF-C-025,,P2,Schema drift (removed column),"Removed source column silently dropped from destination despite schema policy ""retain target field"" and manual_review","destination recreated with only id, name, amt; the note column and its 20 values are gone with no review step. Expected: preflight warns or pauses under manual_review and tells the operator that the destination column will be dropped.",6ac717fd99bc2bc3faacd6fb,OPEN,99bc2bc3faac,TC-C-519 TC-C-721,qa-c/DEFECTS-C.md,"Changed on 99bc2bc3faac, still fails: column retained but all 20 values NULLed, no warning.","Overwrite replaces every row, so a destination column no mapping writes (kept as NULLable by MySQL and PostgreSQL, dropped by engines that recreate) lost its values, and nothing in Validate or Execute said so: drift only saw it with schema history, and its message spoke of new columns.","fixed in code, unit-proven (test_manual_review_pauses_before_an_overwrite_empties_a_column[mysql/postgresql/sqlserver/snowflake], test_acknowledged_overwrite_proceeds_and_still_names_the_loss, test_a_propagating_policy_warns_instead_of_pausing, test_upserting_sinks_keep_unwritten_properties, test_engine_and_identity_columns_are_regenerated_not_emptied, test_overwrite_keeps_a_destination_column_the_source_dropped). Validate and Execute's preflight block an overwrite under manual_review that would empty a live destination column, naming it, until the schema change is acknowledged; other policies warn. The values themselves are not carried across an overwrite. Not a live QA retest."
DEF-C-026,related: DEF-B-017,P2,Query-mode type inference,"Query-mode: an expression of type unconstrained NUMERIC is inferred as DECIMAL(65535,65535) and self-blocks","start_transfer QA Postgres LIVE, source_read_mode=query, `SELECT …, amt * 2 AS amt_x2 … FROM qa6c_drift WHERE id <= 10` → QA MySQL LIVE qa6c_xform_my → blocked (pf_21555b37eb3d): ""rc-fidelity-collapse-7027ee709f6e: … 1 column(s) collapse fidelity on write (amt_x2 DECIMAL(65535,65535) → TEXT)"". The typmod -1 (unconstrained numeric) is decoded as 65535/65535. Expected: treat it as unconstrained NUMERIC (PG) / DECIMAL(65,30) (MySQL), or measure the values. With an explicit CAST(… AS NUMERIC(12,2)) it passes and data is exact (TC-C-521). Related to DEF-C-008.",pf_21555b37eb3d,OPEN,n/a (no job evidence; preflight/connector-level only),TC-C-522 TC-C-524,qa-c/DEFECTS-C.md,,"start_transfer QA Postgres LIVE, source_read_mode=query, `SELECT …, amt * 2 AS amt_x2 … FROM qa6c_drift WHERE id <= 10` → QA MySQL LIVE qa6c_xform_my → blocked (pf_21555b37eb3d): ""rc-fidelity-collapse-7027ee709f6e: … 1 column(s) collapse fidelity on write (amt_x2 DECIMAL(65535,65535) → TEXT)"". The typmod -1 (unconstrained numeric) is decoded as 65535/65535. Expected: treat it as unconstrained NUMERIC (PG) / DECIMAL(65,30) (MySQL), or measure the values. With an explicit CAST(… AS NUMERIC(12,2)) …",not fixed in this change. No live matrix was re-run. QA snapshot build is 6436aaa38583.
DEF-C-027,related: DEF-B2-002 (g6 half),P2,Preflight evidence / g6 probe,Preflight run evidence lost across backend restart; g6 append-collision probe never runs,"get_preflight_run returns ""Preflight run 'pf_965ee47b38b7' not found"" for runs issued at 22:06–22:07 ET (pf_965ee47b38b7 passed, pf_3b25de381485 blocked). Runs from 22:26 and 22:30 (pf_df8f4f31dca5, pf_a04d8a65b44e) are found. New job IDs switched prefix (…a70faf46964f… → …f48dc537b539…) at ~22:10, which points to a backend restart that dropped in-memory preflight history. Block messages tell operators to quote these IDs. g6_target_ddl on full_refresh_append into an existing, readable destination always warns ""Append duplicate check on id did not run (Destination connection or table unavailable for collision probe). A second copy of a stored row would land."" (pf_63fb380809dc MySQL, pf_df8f4f","pf_965ee47b38b7, pf_3b25de381485, pf_df8f4f31dca5, pf_a04d8a65b44e, pf_63fb380809dc",OPEN,n/a (no job evidence; preflight/connector-level only),TC-C-412,qa-c/DEFECTS-C.md,,"get_preflight_run returns ""Preflight run 'pf_965ee47b38b7' not found"" for runs issued at 22:06–22:07 ET (pf_965ee47b38b7 passed, pf_3b25de381485 blocked). Runs from 22:26 and 22:30 (pf_df8f4f31dca5, pf_a04d8a65b44e) are found. New job IDs switched prefix (…a70faf46964f… → …f48dc537b539…) at ~22:10, which points to a backend restart that dropped in-memory preflight history. Block messages tell operators to quote these IDs. g6_target_ddl on full_refresh_append into an existing, readable destinatio…",not fixed in this change. No live matrix was re-run. QA snapshot build is 6436aaa38583.
DEF-C-033,,P2,Type inference (base64 text),"Long base64-alphabet TEXT is inferred as BINARY and base64-decoded into BYTEA, labelled ""preserve""","Source QA6-C PG Kill.qa6c_kill.payload is TEXT (128 chars, e.g. id 1 = 'c4ca4238a0b923820dcc509a6f75849b' ×4). Plan (pf_6179b4ab12d5) and get_job live_source_schema report payload inferred_type ""BINARY"", transform ""binary"", fidelity ""preserve"", confidence 0.99. Destination PG LIVE qa6c_kill_dst.payload is BYTEA with \x73871ae36dfc… (96 bytes) for id 1. Total length went from 51,200,000 chars to 38,400,000 bytes. encode(payload,'base64') equals the source exactly (identical row-hash sums), so the value was base64-decoded. Controls stay TEXT: 32-char md5 text (qa6c_hex, pf_9cc7cfc85f31), a column named payload with prose (qa6c_payload, pf_8634f86edd63), short codes 'ABCD1234'/'test' (qa6c_b64,",6ac716d099bc2bc3faacd6bd,OPEN,99bc2bc3faac,TC-C-529 TC-C-719,qa-c/DEFECTS-C.md,Reproduces on 99bc2bc3faac.,"A column named payload whose values are pure hex still passed base64.b64decode, so TEXT was created as BYTEA and labelled preserve.","fixed in code, unit-proven (test_base64_alphabet_text_stays_text_and_is_not_a_preserve). Hex named payload stays text. Real base64 named payload_b64 stays BINARY. Not a live PG retest."
DEF-C-039,,P2,Preflight permission check,"Preflight g2 says ""write access"" for a destination table the user can only SELECT","Connector QA6-C7 PG readonly (role qa6c7_ro: CONNECT, USAGE public, SELECT only on qa6c7_perm_dst). Overwrite query `SELECT id, region, qty, price FROM qa6c7_sales WHERE id <= 50` → qa6c7_perm_dst. Preflight pf_29b6adfab52a: g2_destination PASS ""Destination reachable with write access; target table exists"", so the run is approved (ack_4c5d8d8f80084855b8b1). Job 6ac7114238778350725de17b FAILED 11 s later with error ""User can connect but lacks INSERT on public.qa6c7_perm_dst"". The seed row (1,'SEED',1,1.00) is intact, so there was no partial write. The runtime guard works. The same g2 check correctly refuses a missing table without CREATE (pf_3b131995adef). The privilege probe exists, but it i","pf_29b6adfab52a, 6ac7114238778350725de17b, pf_3b131995adef",OPEN,38778350725d (latest job ID in the defect evidence: 6ac7114238778350725de17b @ 10-07 23:42 ET),TC-C-705,qa-c/DEFECTS-C.md,,"Connector QA6-C7 PG readonly (role qa6c7_ro: CONNECT, USAGE public, SELECT only on qa6c7_perm_dst). Overwrite query `SELECT id, region, qty, price FROM qa6c7_sales WHERE id <= 50` → qa6c7_perm_dst. Preflight pf_29b6adfab52a: g2_destination PASS ""Destination reachable with write access; target table exists"", so the run is approved (ack_4c5d8d8f80084855b8b1). Job 6ac7114238778350725de17b FAILED 11 s later with error ""User can connect but lacks INSERT on public.qa6c7_perm_dst"". The seed row (1,'SEE…",not fixed in this change. No live matrix was re-run. QA snapshot build is 6436aaa38583.
DEF-C-040,,P2,Preflight permission check,"Source table without SELECT privilege: g1 says ""Source readable"", and the block is reported as fidelity collapse / no sample rows instead of permission denied","start_transfer source QA6-C7 PG readonly.qa6c7_cust_upd (qa6c7_ro has no grant) → QA MySQL LIVE.qa6c7_ro_noaccess_my, full_refresh_overwrite. pf_b07339e78ea5: g1_source PASS ""Source readable — 4 columns"". Blockers: ""rc-fidelity-collapse-3120982298f4: Lossy / fidelity collapse across type path…"", ""rc-sample-transform-0f3be283e2b2: Sample transform / cast failures…"", g5 ""Dry-run failed: No sample rows available for dry-run validation. Re-run Source introspect…"", g8 ""Gate-8 cannot prove reconciliation without sample rows"". The remediation offered is ""Accept · cast & continue (Migration Risk Contract with CAST_AND_CONTINUE)"". Nothing was written (the MySQL table was not created), but the message",pf_b07339e78ea5,OPEN,n/a (no job evidence; preflight/connector-level only),TC-C-706,qa-c/DEFECTS-C.md,,"start_transfer source QA6-C7 PG readonly.qa6c7_cust_upd (qa6c7_ro has no grant) → QA MySQL LIVE.qa6c7_ro_noaccess_my, full_refresh_overwrite. pf_b07339e78ea5: g1_source PASS ""Source readable — 4 columns"". Blockers: ""rc-fidelity-collapse-3120982298f4: Lossy / fidelity collapse across type path…"", ""rc-sample-transform-0f3be283e2b2: Sample transform / cast failures…"", g5 ""Dry-run failed: No sample rows available for dry-run validation. Re-run Source introspect…"", g8 ""Gate-8 cannot prove reconciliat…",not fixed in this change. No live matrix was re-run. QA snapshot build is 6436aaa38583.
DEF-C-044,related: DEF-B-032,P2,DB -> file schedules,Nightly DB→file schedule can't be created directly; a schedule bound to its own signed contract can never run,"create_schedule PG qa6c7_sales → QA MinIO v5 qa6c7_export/sales.csv ""nightly at 2am in America/New_York"" is refused: ""rc-fidelity-collapse-a88f703d209b: Lossy / fidelity collapse across type path: 5 column(s) collapse fidelity on write (id, status, qty, price, region)"" (pf_2d25bdf4d58a). create_schedule has no risk_acceptance param. With contract_id dfc-6d94a4701d614466 (signed by the manual export job 6ac7130a38778350725de18b) the schedule was created: 891e6f29-5217-47b2-84db-37e1e331785c. run_schedule_now then refuses: ""Schedule mappings do not match signed contract dfc-6d94a4701d614466 (contract 8c590e789546 vs schedule 43b34398e1e1). Open Validate and persist the approved mapping, or re-","pf_2d25bdf4d58a, 6ac7130a38778350725de18b, 6ac714d438778350725de19d",OPEN,38778350725d (latest job ID in the defect evidence: 6ac714d438778350725de19d @ 10-07 23:58 ET),TC-C-708,qa-c/DEFECTS-C.md,,"create_schedule PG qa6c7_sales → QA MinIO v5 qa6c7_export/sales.csv ""nightly at 2am in America/New_York"" is refused: ""rc-fidelity-collapse-a88f703d209b: Lossy / fidelity collapse across type path: 5 column(s) collapse fidelity on write (id, status, qty, price, region)"" (pf_2d25bdf4d58a). create_schedule has no risk_acceptance param. With contract_id dfc-6d94a4701d614466 (signed by the manual export job 6ac7130a38778350725de18b) the schedule was created: 891e6f29-5217-47b2-84db-37e1e331785c. run_…",not fixed in this change. No live matrix was re-run. QA snapshot build is 6436aaa38583.
DEF-C-045,"related: DEF-C-008, DEF-C-038",P2,Query-mode type inference,"PG query-mode infers a TEXT column as INTERVAL because values contain ""01:30"", then self-blocks as fidelity collapse","start_transfer QA Postgres LIVE query ""SELECT id, label, ts_tz, ts_local, d FROM qa6c7_tz WHERE id <> 4"" → QA SQL Server LIVE.qa6c7_tz_ms2 is refused: ""rc-fidelity-collapse-7d966769948a: Lossy / fidelity collapse across type path: 1 column(s) collapse fidelity on write (label INTERVAL → NVARCHAR(MAX))"" (pf_66d9a8b034ca). label is PG TEXT ('ambiguous 01:30 EDT (first)', 'leap day 2028', …). Table mode types it TEXT correctly (job 6ac712bb38778350725de187). Query mode guesses the type from sample values instead of the cursor's type OID. This is the same family as DEF-C-008 and DEF-C-038, which still reproduce after tonight's deploys. Expected: query-mode column types come from the driver's res","pf_66d9a8b034ca, 6ac712bb38778350725de187",OPEN,"38778350725d (by time; preflight-only pf_66d9a8b034ca, same session as table-mode control job 6ac712bb38778350725de187)",,qa-c/DEFECTS-C.md,,"start_transfer QA Postgres LIVE query ""SELECT id, label, ts_tz, ts_local, d FROM qa6c7_tz WHERE id <> 4"" → QA SQL Server LIVE.qa6c7_tz_ms2 is refused: ""rc-fidelity-collapse-7d966769948a: Lossy / fidelity collapse across type path: 1 column(s) collapse fidelity on write (label INTERVAL → NVARCHAR(MAX))"" (pf_66d9a8b034ca). label is PG TEXT ('ambiguous 01:30 EDT (first)', 'leap day 2028', …). Table mode types it TEXT correctly (job 6ac712bb38778350725de187). Query mode guesses the type from sample …",not fixed in this change. No live matrix was re-run. QA snapshot build is 6436aaa38583.
DEF-C-047,,P2,Table names with spaces,Source tables whose names contain a space can't be sampled or transferred; the block is misreported as fidelity collapse,"PG table ""qa6c7_Order Details"" (200 rows). start_transfer → QA MySQL LIVE (pf_16048e7795f7) and → QA SQL Server LIVE (pf_b24f084da0ad). Both have g1_source PASS ""Source readable — 6 columns"" and are then blocked: g5 ""Dry-run failed: No sample rows available for dry-run validation. Re-run Source introspect…"", g8 ""Gate-8 cannot prove reconciliation without sample rows"", g9 ""No sample rows available for integrity validation"", and rc-fidelity-collapse-3120982298f4. sample_connector_object table ""qa6c7_Order Details"" → ""Provide a simple table/collection name (letters, numbers, underscore, optional schema.table)."" The same columns under a plain table name (qa6c7_resv) and a mixed-case name without","pf_16048e7795f7, pf_b24f084da0ad",OPEN,n/a (no job evidence; preflight/connector-level only),TC-C-713,qa-c/DEFECTS-C.md,,"PG table ""qa6c7_Order Details"" (200 rows). start_transfer → QA MySQL LIVE (pf_16048e7795f7) and → QA SQL Server LIVE (pf_b24f084da0ad). Both have g1_source PASS ""Source readable — 6 columns"" and are then blocked: g5 ""Dry-run failed: No sample rows available for dry-run validation. Re-run Source introspect…"", g8 ""Gate-8 cannot prove reconciliation without sample rows"", g9 ""No sample rows available for integrity validation"", and rc-fidelity-collapse-3120982298f4. sample_connector_object table ""qa6…",not fixed in this change. No live matrix was re-run. QA snapshot build is 6436aaa38583.
DEF-SCHEMALESS-DST-CONTRACT,"related: DEF-B-004, DEF-C-003, DEF-C-010",P2,Redis / DynamoDB / Kafka destinations,"Same contract block on Redis, DynamoDB (and now Kafka) destinations",`9 column(s) collapse fidelity… Migration Risk Contract with CAST_AND_CONTINUE`,"pf_da94ae6cdebd, pf_8f9f874da130, pf_a5920f31819d",OPEN,32ef27e7bb7d (latest job in citing FAIL/BLOCKED cases: 6ac6efd732ef27e7bb7d0cfc @ 10-07 21:20 ET),TC-C-011,OPEN-DEFECTS-FOR-DEV.md,,`9 column(s) collapse fidelity… Migration Risk Contract with CAST_AND_CONTINUE`,not fixed in this change. No live matrix was re-run. QA snapshot build is 6436aaa38583.
DEF-DECIMAL-SAMPLE-INFER,,P2,Type inference (sample size),Decimal precision guessed from 8 sample rows → route blocked,"Qdrant→PG price NUMERIC(4,2) inferred; actual max 250.5, 121 rows ≥100","pf_9f99d6abd1b5, lenient pf_78d2f5762aa3",OPEN,n/a (no job evidence; preflight/connector-level only),TC-C-019,OPEN-DEFECTS-FOR-DEV.md,,"Qdrant→PG price NUMERIC(4,2) inferred; actual max 250.5, 121 rows ≥100",not fixed in this change. No live matrix was re-run. QA snapshot build is 6436aaa38583.
DEF-TSTZ-NAME-INFER,"related: RETEST-R1 case 3.2 (text offset strings retyped to datetime(6), offsets lost - STILL OPEN, no ID)",P2,Type inference (timestamptz),Table sources with timestamptz blocked; `::text` workaround now also blocked,TIMESTAMPTZ → TEXT collapse,"pf_1c50a9c04048, pf_4a0787ed570e",OPEN,n/a (no job evidence; preflight/connector-level only),TC-C-020,OPEN-DEFECTS-FOR-DEV.md,,TIMESTAMPTZ → TEXT collapse,not fixed in this change. No live matrix was re-run. QA snapshot build is 6436aaa38583.
DEF-REDIS-SRC-HEADERS,dup: DEF-REDIS-SRC,P2,Redis source,Redis source unreadable; sample returns 0 rows though 200 hashes exist,Could not read `db0` on QA Redis Box (generic),Redis→PG staging,OPEN,n/a (no job evidence; preflight/connector-level only),TC-C-010,qa-c/REGRESSION-32.md,,Could not read `db0` on QA Redis Box (generic),not fixed in this change. No live matrix was re-run. QA snapshot build is 6436aaa38583.
DEF-S3-ENDPOINT-FORM,,P2,S3 connector,S3 connector with host + port separately fails; URL form works but preview shows port 443,"`Object storage connection failed. Check bucket/container, region, credentials, and permissions.`",create_connector host=bore.pub port=29404,OPEN,n/a (no job evidence; preflight/connector-level only),TC-C-026,OPEN-DEFECTS-FOR-DEV.md,,"`Object storage connection failed. Check bucket/container, region, credentials, and permissions.`",not fixed in this change. No live matrix was re-run. QA snapshot build is 6436aaa38583.
DEF-ADLS-EMPTY-INCLUDE,,P2,Azure Blob connector,Azure Blob connector creation fails (Azurite),`Connection failed: Bad Request ErrorCode:None`; request `GET /devstoreaccount1/?comp=list&include=` → 400,create_connector,OPEN,n/a (no job evidence; preflight/connector-level only),TC-C-029,OPEN-DEFECTS-FOR-DEV.md,,`Connection failed: Bad Request ErrorCode:None`; request `GET /devstoreaccount1/?comp=list&include=` → 400,not fixed in this change. No live matrix was re-run. QA snapshot build is 6436aaa38583.
DEF-GCS-DST-CREATE,related: DEF-B-032,P2,GCS destination,GCS destination create-new blocked,`Destination table is missing and CREATE is not proven…`,pf_fc9cdb116728,OPEN,n/a (no job evidence; preflight/connector-level only),TC-C-028,OPEN-DEFECTS-FOR-DEV.md,Emulator caveat noted by QA-C.,`Destination table is missing and CREATE is not proven…`,not fixed in this change. No live matrix was re-run. QA snapshot build is 6436aaa38583.
UNNUMBERED (RETEST-R1 case 3.3),,P2,MySQL TIMESTAMP source,MySQL TIMESTAMP source: ->MySQL/MariaDB lands datetime(6) not TIMESTAMP(6); ->PG blocked unless source_timezone=UTC (which also converts DATETIME columns); false 4-row quarantine warning,TIMESTAMPTZ refuses naive wall-clock (would invent UTC)…,6ac6fd8ff48dc537b539e832,OPEN,f48dc537b539,,RETEST-R1 / OPEN-DEFECTS / deploy-watch,Recorded as PARTIAL in RETEST-R1 / OPEN-DEFECTS 22:42 without a defect ID or priority; P2 assigned by the consolidator.,TIMESTAMPTZ refuses naive wall-clock (would invent UTC)…,not fixed in this change. No live matrix was re-run. QA snapshot build is 6436aaa38583.
DEF-MCP-OUTAGE,"dup: DEF-A-011, DEF-B-002",P2,Platform availability,"Whole Datawrap MCP unresponsive ~20:35–20:57 ET (and 17:26–17:45 earlier); scheduled fires missed; preflights say ""Destination not reachable""","MCP error `-32001 Request timed out` on every tool incl. static ones; schedule ticks 00:35/00:40/00:45Z missed; 00:50Z job failed ""server network unreachable""","qa-a/artifacts/mcp-timeouts.log, qa-b/results.jsonl",UNCONFIRMED-ENV-DEPLOY,n/a,TC-A-059 TC-A-060 TC-A-095 TC-B-469,OPEN-DEFECTS-FOR-DEV.md,"Priority conflict: OPEN-DEFECTS P1 table (21:15) vs QA-A P2 vs QA-B ""ENV-DEPLOY - not a product failure per dev"". Dev says 20:36-20:52 and 21:51-21:53 ET timeouts coincide with deploys; QA-A mcp-timeouts.log also has timeouts outside the dev-confirmed windows: 21:08 (confirm_action), 21:25 and 21:27 (start_transfer of 12.6 MB CSV), 21:46 ET (start_transfer of 9.9 MB xlsx; TC-A-059/060). No MCP downtime observed 00:02-01:02 ET Oct 8.",The MCP listener was unreachable for two windows. No product exception was captured.,not fixed. Diagnose-only. No code change.
DEF-C-008,"related: DEF-C-045, DEF-B-017",P2,Query-mode type inference (NaN),"Query-source type inference degrades types and calls it ""preserve""","Repro: query `select id,b,j,jb,ia,ta,u,mood,f8,f4,bi,... from qa6c_types` → MySQL (pf_7fa1611b1c8a, job 6ac6ee0c32ef27e7bb7d0cee). Plan: f8/f4 (double/real) → VARCHAR→TEXT, bytea → VARCHAR→TEXT, uuid → TEXT, bigint → DECIMAL(19,0); all labelled fidelity ""preserve"". Table mode gives native types. (See verification row in CSV for actual dest values.) DEF-C-008 verification (job 6ac6ee0c32ef27e7bb7d0cee, reported ""Row fidelity verified — checksums match (4 rows)""): MySQL `f8`/`f4` created as TEXT; PG NaN → **NULL** (silent loss), Infinity → 'inf', -Infinity → '-inf'; bytea → base64 text in TEXT column (decodes correctly); uuid/enum → text. Checksum claim is false for NaN→NULL. Raise to P2.","pf_7fa1611b1c8a, 6ac6ee0c32ef27e7bb7d0cee",PARTLY FIXED,99bc2bc3faac,TC-C-205 TC-C-206 TC-C-718,qa-c/DEFECTS-C.md,"QA-C marks NaN->NULL FIXED on 99bc2bc3faac (NaN/Infinity now quarantined), but notes the query-mode inference family still reproduces (DEF-C-045).","Repro: query `select id,b,j,jb,ia,ta,u,mood,f8,f4,bi,... from qa6c_types` → MySQL (pf_7fa1611b1c8a, job 6ac6ee0c32ef27e7bb7d0cee). Plan: f8/f4 (double/real) → VARCHAR→TEXT, bytea → VARCHAR→TEXT, uuid → TEXT, bigint → DECIMAL(19,0); all labelled fidelity ""preserve"". Table mode gives native types. (See verification row in CSV for actual dest values.) DEF-C-008 verification (job 6ac6ee0c32ef27e7bb7d0cee, reported ""Row fidelity verified — checksums match (4 rows)""): MySQL `f8`/`f4` created as TEXT; …",not fixed in this change. No live matrix was re-run. QA snapshot build is 6436aaa38583.
DEF-CDC-SLOT-LEAK,related: DEF-B2-008,P2,CDC slot hygiene,Failed CDC jobs leave replication slot + publication on source PG (WAL retention risk),slot df_qa_dataflow_qa6c_cdc_tstz_209b3e1b + 4 older slots/publications remain inactive,pg_replication_slots,PARTLY FIXED,38778350725d,TC-C-004,OPEN-DEFECTS-FOR-DEV.md,Completed jobs drop their slot; failed jobs still leak slot + publication (QA-C PARTIAL; QA-B2 PG->Oracle leftover df_qa_dataflow_qa6b2_pg_or_cdc_34f9897e on 38778350725d).,"A failed CDC job released only the slot recorded on the job document. A run that failed before its first checkpoint had recorded none, and a batch refused by the writer (WriteBatchBlocked) skipped the release path entirely.","fixed in code, unit-proven (test_first_batch_failure_releases_the_slot_the_job_never_recorded, test_cancel_before_a_checkpoint_releases_the_named_slot, test_refused_cdc_batch_releases_through_the_shared_helper, test_retriable_failure_keeps_the_slot_for_resume). Slot and publication identity travel on the exception; terminal failures and cancels drop them, retriable failures keep them. The five historical QA slots are not dropped by this change. Not a live Postgres retest."
DEF-C-001,related: DEF-CDC-PG-MYSQL-TSTZ-BIND,P2,PG timestamptz -> MySQL,PG TIMESTAMPTZ mapped to MySQL TIMESTAMP(6) (1970–2038 range) instead of DATETIME(6),dest created `timestamp(6)`; resume of 6ac6e2fc32ef27e7bb7d0cb7 (ack_2795171a15f9429dafa5) failed `Column 'updated_at' → TIMESTAMP(6): 2 of 100 sampled value(s) cannot be cast to datetime`; records_processed reset 100→0. Any pre-1970/post-2038 instant is unwritable; Y2038 hazard.,"orig pf_fd506200e070, resume of 6ac6e2fc32ef27e7bb7d0cb7; fixed 6ac712bb38778350725de187 (TC-C-710); R1 6ac6fcdf…e82a, 6ac7027fd56ca21e9bc02d55",FIXED-verified,38778350725d,TC-C-208,qa-c/DEFECTS-C.md,"QA-C listed it as re-verified in its ""deploy 99bc2bc3faac"" section, but the evidence job 6ac712bb38778350725de187 carries prefix 38778350725d (pre-23:59 deploy).",QA marked this row fixed on the build named in last_verified_build. This session did not re-run that case.,QA-verified on the recorded build. Not re-run in this session.
DEF-C-006,,P2,Planner (NUMERIC extremes),"Planner crashes with raw Python exception on NUMERIC(38,10) extreme values",tool returns only `[<class 'decimal.InvalidOperation'>]` (likely Python decimal default 28-digit context). Removing `nmax` makes staging work. Two earlier attempts returned MCP -32001 timeouts.,fixed 6ac7170c99bc2bc3faacd6bf (TC-C-204),FIXED-verified,99bc2bc3faac,TC-C-204 TC-C-512,qa-c/DEFECTS-C.md,"DECIMAL(38,10) extremes exact. TC-C-512 route not re-run.",QA marked this row fixed on the build named in last_verified_build. This session did not re-run that case.,QA-verified on the recorded build. Not re-run in this session.
DEF-A-014,"dup: DEF-B-006 (interval-label part), DEF-C-029; related: DEF-B2-003 (monthly preview ""daily"")",P3,Schedule labels,Schedule interval label wrong (cron */5 shown as 'hourly'); success text returned in job 'error' field,`n/a`,schedule 08f7abfc; jobs e.g. 6ac6ee3d32ef27e7bb7d0cef,OPEN,6436aaa38583,TC-A-070 TC-B-468 TC-C-423,qa-a/QA-A-REPORT.md,,A */5 cron was labelled from the interval preset (hourly/daily) instead of the expression.,"partly fixed in code. describe_stored_cadence now says Every 5 minutes, and the create_schedule preview interval uses that label. The stored interval token remains a preset because the runner only accepts hourly/daily/weekly. Not a live retest."
DEF-B-006,"related: DEF-A-014, DEF-B-022",P3,Schedule preview / preflight wording,Schedule 'interval' field mislabeled; preflight shows blocker while passed=true,"""interval"": ""daily"" for a 5-min cron; blockers: [""Duplicate identity keys: Identity / uniqueness checks failed on the Validate sample""] with decision approve","schedule f9c91e68-c717-4296-b25f-02eb9ea24984, pf_01484906890b",OPEN,n/a (no job evidence; preflight/connector-level only),TC-B-468,qa-b/defects.json,"Interval-label part duplicates DEF-A-014/DEF-C-029; ""blocker while passed=true"" part duplicates DEF-B-022. Kept as its own row because OPEN-DEFECTS lists it separately (also: no tz defaults to UTC silently).","Schedule interval stored the preset daily for a 5-field cron, and a passed preflight still listed the duplicate-identity root, which get_job then counted as a rejected row.",partly fixed. The cadence label uses describe_stored_cadence while the stored interval stays a preset. The blocker is no longer copied onto a completed job as a __DF_SQL_NULL__ quarantine row (unit-proven with DEF-B-022). Not a live QA retest.
DEF-B-007,"dup: DEF-ORACLE-G3F-FALSEWARN, DEF-B2-013",P3,Oracle destination preflight,Oracle dest g3f false quarantine warning,"""200 row(s) will be held out in quarantine on write — is_active → NUMBER(38,0) exceeds the destination carrier under a signed continue-policy contract"" — 0 rejected, all 200 written","pf_44ac3eb3669a, pf_a18ea21ce51d, job 6ac6eb9132ef27e7bb7d0cd7",OPEN,6436aaa38583,TC-B-025 TC-B-097 TC-B-151 TC-B-365 TC-B-455 TC-B-512 B2-CDC-19 B2-FRA-19 B2-FRA-30 TC-C-024,qa-b/defects.json,,"""200 row(s) will be held out in quarantine on write — is_active → NUMBER(38,0) exceeds the destination carrier under a signed continue-policy contract"" — 0 rejected, all 200 written",not fixed in this change. No live matrix was re-run. QA snapshot build is 6436aaa38583.
DEF-B-008,,P3,Oracle destination DDL,Oracle create-new DDL uses lowercase quoted identifiers,"columns created as ""id"",""is_active""…; `SELECT is_active FROM QA6B_OW_PG` -> ORA-00904: ""IS_ACTIVE"": invalid identifier","jobs 6ac6eb9132ef27e7bb7d0cd7, 6ac6edf832ef27e7bb7d0ced",OPEN,6436aaa38583,TC-B-025 TC-B-043 TC-B-331,qa-b/defects.json,,"CREATE quoted the operator lowercase names. Oracle folds unquoted identifiers to upper case, so SELECT is_active looked up IS_ACTIVE and raised ORA-00904.","fixed in code, unit-proven (test_folding_dialect_create_quotes_uppercase_physical_names). Folding dialects emit quoted uppercase physical names. The column key stays the operator spelling. PostgreSQL names are unchanged. Not a live Oracle retest."
DEF-B-012,,P3,Ack wording,Expired transfer ack returns connector wording,"""Approval not found or expired. Ask Pilot to create the connector again.""",ack_171e97f1782745709c1f,OPEN,n/a (no job evidence; preflight/connector-level only),,qa-b/defects.json,,"""Approval not found or expired. Ask Pilot to create the connector again.""",not fixed in this change. No live matrix was re-run. QA snapshot build is 6436aaa38583.
DEF-B-015,,P3,Error wording,"Missing SOURCE table reported as ""Destination table/relation was not found""; boilerplate about capacity","Destination table/relation was not found at write time. Driver reported: (1146, ""Table 'qa_dataflow.qa6b_sch2' doesn't exist""). Rows already written stay on the destination until you address capacity.",job 6ac6f23c32ef27e7bb7d0d08; schedule c6819984-d563-4d30-8567-f7b5a892379b,OPEN,32ef27e7bb7d (latest job ID in the defect evidence: 6ac6f23c32ef27e7bb7d0d08 @ 10-07 21:30 ET),TC-B-482,qa-b/defects.json,,"Destination table/relation was not found at write time. Driver reported: (1146, ""Table 'qa_dataflow.qa6b_sch2' doesn't exist""). Rows already written stay on the destination until you address capacity.",not fixed in this change. No live matrix was re-run. QA snapshot build is 6436aaa38583.
DEF-B-016,,P3,TZ-aware source -> MySQL/MariaDB,"TZ-aware source timestamps (SQL Server DATETIMEOFFSET, Oracle TIMESTAMP WITH TIME ZONE) -> MySQL/MariaDB DATETIME blocked as fidelity collapse in table mode (PG TIMESTAMPTZ -> MySQL accepted)","Preflight blocked this transfer, so I won't start it — rc-fidelity-collapse-3478208c018f: Lossy / fidelity collapse across type path: 1 column(s) collapse fidelity on write (ts TIMESTAMP_TZ(7) → TIMESTAMP(6)) — impacts 5 gate check(s) (run pf_bb48c99f6f1b). | Post-deploy (2026-10-08 ~02:57Z): mssql qa6b_std -> MariaDB: identical rc-fidelity-collapse-3478208c018f ""(ts TIMESTAMP_TZ(7) → DATETIME(6))"" pf_142783b8888f; Oracle QA6B_STD -> MySQL: rc-fidelity-collapse-4b327464df46 ""(TS TIMESTAMP_TZ → DATETIME(6))"" pf_0244133eeef5.",pf_bb48c99f6f1b; pf_142783b8888f; pf_0244133eeef5,OPEN,6d6988de7ab3,TC-B-092 TC-B-093 TC-B-128 TC-B-129 TC-B-423 TC-B-424 TC-B-428 TC-B-429,qa-b/defects.json,,"Preflight blocked this transfer, so I won't start it — rc-fidelity-collapse-3478208c018f: Lossy / fidelity collapse across type path: 1 column(s) collapse fidelity on write (ts TIMESTAMP_TZ(7) → TIMESTAMP(6)) — impacts 5 gate check(s) (run pf_bb48c99f6f1b). | Post-deploy (2026-10-08 ~02:57Z): mssql qa6b_std -> MariaDB: identical rc-fidelity-collapse-3478208c018f ""(ts TIMESTAMP_TZ(7) → DATETIME(6))"" pf_142783b8888f; Oracle QA6B_STD -> MySQL: rc-fidelity-collapse-4b327464df46 ""(TS TIMESTAMP_TZ → D…",not fixed in this change. No live matrix was re-run. QA snapshot build is 6436aaa38583.
DEF-B-030,,P3,Incremental watermark keying,"Incremental cursor watermark is keyed on the literal destination-table string: the same Oracle table addressed as qa6b_ua_tsor vs QA6B_UA_TSOR gets separate state, which makes the next run a full re-read and re-merge","run2 6ac7113c38778350725de17a: ""Keyed delta verified (54 event(s) merged, 5 net new key(s): 50 → 55)"", i.e. a full re-read. run3 6ac7128938778350725de186 (same uppercase name as run2): records 2. Control maor run2 6ac711b938778350725de17e: records 8. Data stayed correct because the merge is idempotent (cmp 0 diffs), but on large tables the full re-read costs time/IO. The incremental guarantee silently degrades whenever the name is cased differently, including when a user copies the name from list_jobs.",tsor run1 6ac710ae38778350725de173 pf_8568e824a004; run2 6ac7113c38778350725de17a pf_5d653727abf6; run3 6ac7128938778350725de186 pf_55cb1e141fc4; control maor 6ac711b938778350725de17e pf_00faa8e77e19,OPEN,38778350725d (latest job ID in the defect evidence: 6ac7128938778350725de186 @ 10-07 23:48 ET),TC-B-512,qa-b/defects.json,,"run2 6ac7113c38778350725de17a: ""Keyed delta verified (54 event(s) merged, 5 net new key(s): 50 → 55)"", i.e. a full re-read. run3 6ac7128938778350725de186 (same uppercase name as run2): records 2. Control maor run2 6ac711b938778350725de17e: records 8. Data stayed correct because the merge is idempotent (cmp 0 diffs), but on large tables the full re-read costs time/IO. The incremental guarantee silently degrades whenever the name is cased differently, including when a user copies the name from lis…",not fixed in this change. No live matrix was re-run. QA snapshot build is 6436aaa38583.
DEF-A-013,,P3,Object name resolution,Unknown object name silently fuzzy-resolved to another file,`resolve_note: Using `qa6a_multisheet.xlsx` (closest match to `qa6a_multisheet.xlsx#Data`).`,result pr_1a9e154a53514ed1,OPEN,n/a (no job evidence; preflight/connector-level only),TC-A-026,qa-a/QA-A-REPORT.md,,`resolve_note: Using `qa6a_multisheet.xlsx` (closest match to `qa6a_multisheet.xlsx#Data`).`,not fixed in this change. No live matrix was re-run. QA snapshot build is 6436aaa38583.
DEF-A-016,,P3,Bad-file errors,Bad-file errors are raw library exceptions; a password-protected workbook is reported as 'not a zip file',`Sample failed: File is not a zip file / Sample failed: Bad magic number for file header`,sample calls 21:22 ET,OPEN,n/a (no job evidence; preflight/connector-level only),TC-A-050 TC-A-052 TC-A-054 TC-A-055 TC-A-056,qa-a/QA-A-REPORT.md,,`Sample failed: File is not a zip file / Sample failed: Bad magic number for file header`,not fixed in this change. No live matrix was re-run. QA snapshot build is 6436aaa38583.
DEF-A-020,,P3,Scheduled file route (missing file),Scheduled file route with no file present fails with a raw S3 client error; no 'skip when no new file' behaviour,`An error occurred (NoSuchKey) when calling the GetObject operation: The specified key does not exist.`,job 6ac6f78ea70faf46964f4d32; schedule a3c5a540,OPEN,a70faf46964f (latest job ID in the defect evidence: 6ac6f78ea70faf46964f4d32 @ 10-07 21:53 ET),TC-A-057,qa-a/QA-A-REPORT.md,,The S3 reader surfaced botocore NoSuchKey verbatim on a scheduled file route.,"fixed in code, unit-proven (test_missing_object_and_raw_primary_key_are_operator_text, test_s3_missing_object_is_measured_zero). A missing object is operator text and is measured as zero rows. Not a live scheduled S3 retest."
DEF-C-007,,P3,MySQL schema introspection,"MySQL `DEFAULT CURRENT_TIMESTAMP(6)` column reported as ""GENERATED ALWAYS""",get_job 6ac6eaa132ef27e7bb7d0ccd live_source_schema: updated_at `TIMESTAMP_NTZ(6) GENERATED ALWAYS`; actual DDL `datetime(6) NOT NULL DEFAULT CURRENT_TIMESTAMP(6)`. Risk: column treated as non-writable/derived.,6ac6eaa132ef27e7bb7d0ccd,OPEN,32ef27e7bb7d (latest job ID in the defect evidence: 6ac6eaa132ef27e7bb7d0ccd @ 10-07 20:58 ET),,qa-c/DEFECTS-C.md,,get_job 6ac6eaa132ef27e7bb7d0ccd live_source_schema: updated_at `TIMESTAMP_NTZ(6) GENERATED ALWAYS`; actual DDL `datetime(6) NOT NULL DEFAULT CURRENT_TIMESTAMP(6)`. Risk: column treated as non-writable/derived.,not fixed in this change. No live matrix was re-run. QA snapshot build is 6436aaa38583.
DEF-C-012,,P3,Connector naming,Duplicate connector name: misleading error,"Repro: create_connector name ""QA6-C PG Kill"" twice. Staging test passes, confirm (ack_3d3f2b0e676b4abf9427) → ""Failed to save connector: Production refuses plaintext secret passthrough. Re-save the connector or job so credentials are Fernet-encrypted (enc:v1:…)"". Nothing saved (list_connectors shows one). Expected: ""name already exists"". (Staging should detect it.)",,OPEN,n/a (no job evidence; preflight/connector-level only),TC-C-221,qa-c/DEFECTS-C.md,,"Repro: create_connector name ""QA6-C PG Kill"" twice. Staging test passes, confirm (ack_3d3f2b0e676b4abf9427) → ""Failed to save connector: Production refuses plaintext secret passthrough. Re-save the connector or job so credentials are Fernet-encrypted (enc:v1:…)"". Nothing saved (list_connectors shows one). Expected: ""name already exists"". (Staging should detect it.)",not fixed in this change. No live matrix was re-run. QA snapshot build is 6436aaa38583.
DEF-C-014,,P3,run_query,run_query identifier allow-list rejects ordinary SQL functions,"Repro: run_query QA6-C PG Kill `SELECT date_trunc('day', created_at) AS d, count(*), sum(amount), coalesce(max(id),0), round(avg(amount)::numeric,2) FROM qa6c_kill GROUP BY 1` → ""SQL references identifiers not in introspected schema: date_trunc, numeric, round"". count/sum/coalesce/max pass. Fails safe but blocks routine analytics.",,OPEN,n/a (no job evidence; preflight/connector-level only),TC-C-315,qa-c/DEFECTS-C.md,,"Repro: run_query QA6-C PG Kill `SELECT date_trunc('day', created_at) AS d, count(*), sum(amount), coalesce(max(id),0), round(avg(amount)::numeric,2) FROM qa6c_kill GROUP BY 1` → ""SQL references identifiers not in introspected schema: date_trunc, numeric, round"". count/sum/coalesce/max pass. Fails safe but blocks routine analytics.",not fixed in this change. No live matrix was re-run. QA snapshot build is 6436aaa38583.
DEF-C-016,,P3,Pilot knowledge,describe_pilot / knowledge answers contradict actual tools & behaviour,"describe_pilot.cannot_yet lists ""Delete connectors…"" and ""Create a brand-new schedule/pipeline definition from chat"", but delete_connector (used: ack_4d18a025684443a79440) and create_schedule exist. explain_product ""resume a failed full refresh"" → ""A transfer that fails part-way does not start over… resume re-reads from that cursor""; actual resume_job on full refresh says ""Full refresh restarted from the beginning"" (and in fact continued without truncation — see kill test). search_knowledge ""Does MySQL CDC require GTID"" → answer mixes in ""It requires a cursor field; preflight refuses the run without them"" (incremental semantics, wrong for CDC) and never says whether GTID is required (it is n",,OPEN,n/a (no job evidence; preflight/connector-level only),TC-C-401 TC-C-403 TC-C-404 TC-C-413 TC-C-415,qa-c/DEFECTS-C.md,,"describe_pilot.cannot_yet lists ""Delete connectors…"" and ""Create a brand-new schedule/pipeline definition from chat"", but delete_connector (used: ack_4d18a025684443a79440) and create_schedule exist. explain_product ""resume a failed full refresh"" → ""A transfer that fails part-way does not start over… resume re-reads from that cursor""; actual resume_job on full refresh says ""Full refresh restarted from the beginning"" (and in fact continued without truncation — see kill test). search_knowledge ""Doe…",not fixed in this change. No live matrix was re-run. QA snapshot build is 6436aaa38583.
DEF-C-018,,P3,Quarantine,Quarantine hold-outs cannot be closed through MCP; replay re-applies the original cast,"replay always uses the original `integer` transform; no MCP tool can edit or promote quarantined cells, so quarantine is a dead end for MCP operators. keyed_census also claims inserts 2 / expected_delta 2 while rows_written 0, and an empty-set checksum (e3b0c442…) is reported as checksum_match true.","6ac6f84ea70faf46964f4d34, 6ac6f8b8a70faf46964f4d35, 6ac6f911a70faf46964f4d38",OPEN,a70faf46964f (latest job ID in the defect evidence: 6ac6f911a70faf46964f4d38 @ 10-07 21:59 ET),TC-C-503,qa-c/DEFECTS-C.md,,"replay always uses the original `integer` transform; no MCP tool can edit or promote quarantined cells, so quarantine is a dead end for MCP operators. keyed_census also claims inserts 2 / expected_delta 2 while rows_written 0, and an empty-set checksum (e3b0c442…) is reported as checksum_match true.",not fixed in this change. No live matrix was re-run. QA snapshot build is 6436aaa38583.
DEF-C-019,,P3,profile_quality_rules,profile_quality_rules returns generic boilerplate; misses obvious PII; duplicate dataset names,"the same 6 generic sentences returned for any name (including a non-dataset name: has_dataset false, column_count 0), pii_candidates []. list_datasets lists two different datasets named ""sample_payments"" (5-col TSV, 8-col CSV); the tool silently picks one (column_count 8).",,OPEN,n/a (no job evidence; preflight/connector-level only),TC-C-504,qa-c/DEFECTS-C.md,,"the same 6 generic sentences returned for any name (including a non-dataset name: has_dataset false, column_count 0), pii_candidates []. list_datasets lists two different datasets named ""sample_payments"" (5-col TSV, 8-col CSV); the tool silently picks one (column_count 8).",not fixed in this change. No live matrix was re-run. QA snapshot build is 6436aaa38583.
DEF-C-021,,P3,Tool argument errors,Bad argument names leak internal Python signatures,"test_connector {""connector_name"":""QA6-C PG Kill""} → `DataPilotTools._test_connector() got an unexpected keyword argument 'connector_name'`. Expected: schema validation message naming the accepted parameters.",,OPEN,n/a (no job evidence; preflight/connector-level only),TC-C-523 TC-C-601,qa-c/DEFECTS-C.md,,"test_connector {""connector_name"":""QA6-C PG Kill""} → `DataPilotTools._test_connector() got an unexpected keyword argument 'connector_name'`. Expected: schema validation message naming the accepted parameters.",not fixed in this change. No live matrix was re-run. QA snapshot build is 6436aaa38583.
DEF-C-028,,P3,sample_connector_object,"sample_connector_object ""durable result_id"" is not durable without session_id","sample_connector_object qa6c_quar (no session_id) → result_id pr_72d7b90b9cd34313 / pr_6f9f6848efb8453e. Minutes later, analyze_result and filter_result on those IDs → ""No stored result to analyze. Sample a table or run a query first (e.g. \""sample your_table on SnowFlake\"")"". The tool description promises a ""durable result_id for follow-ups"". The same sample with session_id (pr_50c9dd2a77344470) and aggregate_data results (pr_bc1051b3e6c04409) are retrievable. A missing ID gets the same generic text as a fake one.",,OPEN,n/a (no job evidence; preflight/connector-level only),TC-C-418,qa-c/DEFECTS-C.md,,"sample_connector_object qa6c_quar (no session_id) → result_id pr_72d7b90b9cd34313 / pr_6f9f6848efb8453e. Minutes later, analyze_result and filter_result on those IDs → ""No stored result to analyze. Sample a table or run a query first (e.g. \""sample your_table on SnowFlake\"")"". The tool description promises a ""durable result_id for follow-ups"". The same sample with session_id (pr_50c9dd2a77344470) and aggregate_data results (pr_bc1051b3e6c04409) are retrievable. A missing ID gets the same generic…",not fixed in this change. No live matrix was re-run. QA snapshot build is 6436aaa38583.
DEF-C-032,,P3,Connector health,Connector health is never refreshed by successful jobs,"list_connectors health=""failed"" returns ""QA MySQL LIVE"" (36dc227b-6419-4d29-bf3a-584682c95698) with last_test_ok false and last_tested_at 2026-10-08T00:54:11Z (20:54 ET, during a deploy window). Since then this connector has carried many successful writes, e.g. job 6ac7027fd56ca21e9bc02d56 at 22:40 ET (checksums match). Expected: health reflects recent successful use or a periodic re-test, not a single stale test.",6ac7027fd56ca21e9bc02d56,OPEN,d56ca21e9bc0 (latest job ID in the defect evidence: 6ac7027fd56ca21e9bc02d56 @ 10-07 22:39 ET),TC-C-429,qa-c/DEFECTS-C.md,,"Completed jobs stamped last_transfer_ok_at, but Pilot list_connectors, the workspace briefing and both REST status fields bucketed health on last_test_ok alone.","fixed in code, unit-proven (test_a_completed_job_overrules_an_older_failed_probe, test_a_failed_job_does_not_clear_a_failed_probe, test_a_probe_that_fails_after_the_transfer_is_failed_again, test_pilot_list_and_briefing_bucket_on_the_same_rule). connector_store.connector_health is the one rule: a failed probe is overruled only by a transfer that completed after it, the same rule the web client applies. Not a live QA retest."
DEF-C-035,,P3,remediate_validation,remediate_validation does not validate run_id and returns requires_confirm without an ack_id,"remediate_validation {kind:""normalize_control_chars"", run_id:""pf_doesnotexist""} returns {""action"":""studio"",""kind"":""normalize_control_chars"",""label"":""Normalize control characters…"",""run_id"":""pf_doesnotexist"",""risk"":""mutate"",""requires_confirm"":true}. A real run (pf_df8f4f31dca5, quarantine_and_rerun) gets the same shape, also without an ack_id. Expected: unknown run_id rejected (get_preflight_run already says ""not found""), and either an ack_id or a clear statement that the action is UI-only.",pf_df8f4f31dca5,OPEN,n/a (no job evidence; preflight/connector-level only),TC-C-433,qa-c/DEFECTS-C.md,,"remediate_validation {kind:""normalize_control_chars"", run_id:""pf_doesnotexist""} returns {""action"":""studio"",""kind"":""normalize_control_chars"",""label"":""Normalize control characters…"",""run_id"":""pf_doesnotexist"",""risk"":""mutate"",""requires_confirm"":true}. A real run (pf_df8f4f31dca5, quarantine_and_rerun) gets the same shape, also without an ack_id. Expected: unknown run_id rejected (get_preflight_run already says ""not found""), and either an ack_id or a clear statement that the action is UI-only.",not fixed in this change. No live matrix was re-run. QA snapshot build is 6436aaa38583.
DEF-C-046,,P3,MySQL TEXT narrowing,Repeated overwrite narrows PG TEXT from LONGTEXT to TEXT (64 KB) on MySQL,"Overwrite r1 (job 6ac712bb38778350725de188) plan: v TEXT → LONGTEXT. Overwrite r2 onto the now-existing table (job 6ac7135638778350725de18f, pf_ab17b7e1acd4) plan: v TEXT → ""TEXT COLLATE UTF8MB4_BIN"". The table is recreated and SHOW CREATE TABLE now shows `v` text (max 65,535 bytes). The mapping takes the destination catalog's type and reads LONGTEXT back as TEXT. Each full refresh can silently narrow a 4 GB column to 64 KB, and g19 ""no existing column declares a carrier the source would overflow"" passes regardless. Data today is 32-char md5 strings, so there is no loss yet. Expected: the type is stable across identical runs (LONGTEXT). Related: sync_mode ""upsert"" (docs: ""whole-source read w","6ac712bb38778350725de188, 6ac7135638778350725de18f, pf_ab17b7e1acd4, pf_14a3de564eba, pf_cd78e603baad",OPEN,38778350725d (latest job ID in the defect evidence: 6ac7135638778350725de18f @ 10-07 23:51 ET),TC-C-712,qa-c/DEFECTS-C.md,,"Overwrite r1 (job 6ac712bb38778350725de188) plan: v TEXT → LONGTEXT. Overwrite r2 onto the now-existing table (job 6ac7135638778350725de18f, pf_ab17b7e1acd4) plan: v TEXT → ""TEXT COLLATE UTF8MB4_BIN"". The table is recreated and SHOW CREATE TABLE now shows `v` text (max 65,535 bytes). The mapping takes the destination catalog's type and reads LONGTEXT back as TEXT. Each full refresh can silently narrow a 4 GB column to 64 KB, and g19 ""no existing column declares a carrier the source would overflo…",not fixed in this change. No live matrix was re-run. QA snapshot build is 6436aaa38583.
DEF-C-048,,P3,source_timezone DST,"source_timezone silently resolves ambiguous and nonexistent DST wall-clock times, and disagrees with the source DB's own resolution","start_transfer qa6c7_tz → MySQL qa6c7_tz_srctz_my with source_timezone ""America/New_York"" (transform assume_timezone:America/New_York). Job 6ac718c399bc2bc3faacd700 (ack_12bccffebafe417ebe23, pf_a064f47671f0) completed with no warning or quarantine. ts_local '2026-11-01 01:30' (ambiguous: EDT or EST) → 2026-11-01 05:30Z (first occurrence, EDT) for both rows. PostgreSQL's own `ts_local AT TIME ZONE 'America/New_York'` gives 06:30Z. A cross-system reconcile of the same column will differ by one hour. ts_local '2026-03-08 02:30' (does not exist; spring-forward gap) → 07:30Z with no flag. Unambiguous values are correct, including leap day: 2028-02-29 23:59:59.999999 → 2028-03-01 04:59:59.999999Z","6ac718c399bc2bc3faacd700, pf_a064f47671f0",OPEN,99bc2bc3faac (latest job ID in the defect evidence: 6ac718c399bc2bc3faacd700 @ 10-08 00:14 ET),TC-C-723,qa-c/DEFECTS-C.md,,"start_transfer qa6c7_tz → MySQL qa6c7_tz_srctz_my with source_timezone ""America/New_York"" (transform assume_timezone:America/New_York). Job 6ac718c399bc2bc3faacd700 (ack_12bccffebafe417ebe23, pf_a064f47671f0) completed with no warning or quarantine. ts_local '2026-11-01 01:30' (ambiguous: EDT or EST) → 2026-11-01 05:30Z (first occurrence, EDT) for both rows. PostgreSQL's own `ts_local AT TIME ZONE 'America/New_York'` gives 06:30Z. A cross-system reconcile of the same column will differ by one ho…",not fixed in this change. No live matrix was re-run. QA snapshot build is 6436aaa38583.
DEF-C-030,,P3,Schedule history,run_schedule_now runs are not recorded in schedule history,"Schedule d30b2bdb-6941-4962-895f-77b20991c780: run_schedule_now confirmed (ack_0d4ebc946b7448f897d7), and job 6ac704616d6988de7ab39066 completed at 02:48:44Z with the destination correct. get_schedule afterwards still returns last_run_at null, last_status null, run_count 0. Expected: a manual run updates last_run_at, last_status and run_count, or the job is otherwise linked to the schedule.",6ac704616d6988de7ab39066,OPEN,6d6988de7ab3 (latest job ID in the defect evidence: 6ac704616d6988de7ab39066 @ 10-07 22:48 ET),TC-C-425,qa-c/DEFECTS-C.md,"Contradicted by QA-B TC-B-480/490, where run_count incremented after run_schedule_now.","run_count and last_status were only recorded by a later scheduler beat, so a manual run finished without updating the schedule.","fixed in code, unit-proven (test_manual_run_increments_run_count_when_the_job_ends, test_manual_run_records_a_finished_claim_before_starting). The job's terminal status write records the schedule run. Not a live QA retest."
DEF-EMBED-SILENT-FALLBACK,,P3,Vector destinations,"Vector writes use TF-IDF fallback instead of configured MiniLM, no warning; payload numerics as strings","`_df_embedding_backend: tfidf_fallback` on 200/200 points; price ""2.36""",6ac6ea7932ef27e7bb7d0ccb,OPEN,32ef27e7bb7d (latest job ID in the defect evidence: 6ac6ea7932ef27e7bb7d0ccb @ 10-07 20:57 ET),TC-C-013,OPEN-DEFECTS-FOR-DEV.md,,"`_df_embedding_backend: tfidf_fallback` on 200/200 points; price ""2.36""",not fixed in this change. No live matrix was re-run. QA snapshot build is 6436aaa38583.
DEF-MINIO-ALIAS,related: DEF-B-032,P3,MinIO introspection,MinIO object listing not implemented,`Introspection for minio not yet implemented`,list on e9e9a6b5,OPEN,n/a (no job evidence; preflight/connector-level only),TC-C-027,OPEN-DEFECTS-FOR-DEV.md,,`Introspection for minio not yet implemented`,not fixed in this change. No live matrix was re-run. QA snapshot build is 6436aaa38583.
GAP-XLS,,P3,File formats,Legacy .xls not supported (xlsx is),`Legacy .xls is not supported. Save the workbook as .xlsx and retry.`,qa6a_fmt.xls,OPEN,n/a (no job evidence; preflight/connector-level only),TC-A-024,OPEN-DEFECTS-FOR-DEV.md,Product gap (legacy .xls unsupported; xlsx works). TC-A-024 recorded as UNSUPPORTED.,`Legacy .xls is not supported. Save the workbook as .xlsx and retry.`,not fixed in this change. No live matrix was re-run. QA snapshot build is 6436aaa38583.
DEF-MCP-BQ-FORM,,P3,BigQuery connector,BigQuery now accepts service-account JSON but field is not in schema; error text still mentions host/port/Railway,`Fix host/port/user/password (use the public proxy if this is Railway)`,create_connector bigquery,PARTLY FIXED,n/a (no job evidence; preflight/connector-level only),TC-C-032,OPEN-DEFECTS-FOR-DEV.md,,`Fix host/port/user/password (use the public proxy if this is Railway)`,not fixed in this change. No live matrix was re-run. QA snapshot build is 6436aaa38583.
DEF-SPECIALTY-SAMPLE,,P3,Kafka/Redis sampling,Kafka and Redis sample 0 rows,—,sample_connector_object,PARTLY FIXED,n/a (no job evidence; preflight/connector-level only),TC-C-007,OPEN-DEFECTS-FOR-DEV.md,Neo4j sample works; Kafka and Redis sample 0 rows.,—,not fixed in this change. No live matrix was re-run. QA snapshot build is 6436aaa38583.
DEF-ES-PRICE-STRING,,P3,Elasticsearch destination,"Elasticsearch destination (v5 defect; listed under ""Fixed in this round"" in OPEN-DEFECTS-FOR-DEV.md)",n/a - v5 defect; the original error is not restated in the v6 files,6ac6ea5b32ef27e7bb7d0cc9; artifacts/R-es-price.txt,FIXED-verified,32ef27e7bb7d (latest job ID in the defect evidence: 6ac6ea5b32ef27e7bb7d0cc9 @ 10-07 20:56 ET),TC-C-018,qa-c/REGRESSION-32.md,"v5 defect; FIXED in QA-C regression (REGRESSION-32). Priority not recorded (n/r) unless the v5 note said ""minor"" (mapped to P3). REGRESSION-32: OPEN minor -> FIXED: _source.price 10.58 numeric, mapping scaled_float, Σ27735. Plan still labels KEYWORD (cosmetic).",QA marked this row fixed on the build named in last_verified_build. This session did not re-run that case.,QA-verified on the recorded build. Not re-run in this session.
DEF-CSV-TSTZ-OFFSET,,P3,S3 destination (CSV),"S3 destination (CSV) (v5 defect; listed under ""Fixed in this round"" in OPEN-DEFECTS-FOR-DEV.md)",n/a - v5 defect; the original error is not restated in the v6 files,6ac6ebb032ef27e7bb7d0cda; artifacts/minio-qa6c_pg_products.csv,FIXED-verified,32ef27e7bb7d (latest job ID in the defect evidence: 6ac6ebb032ef27e7bb7d0cda @ 10-07 21:02 ET),TC-C-022,qa-c/REGRESSION-32.md,"v5 defect; FIXED in QA-C regression (REGRESSION-32). Priority not recorded (n/r) unless the v5 note said ""minor"" (mapped to P3). REGRESSION-32: OPEN minor -> FIXED: updated_at '2026-01-01 13:00:00+00:00'; full 200-row diff vs source identical (CRLF, true/false).",QA marked this row fixed on the build named in last_verified_build. This session did not re-run that case.,QA-verified on the recorded build. Not re-run in this session.
DEF-ES-META-INDEX,,n/r,Elasticsearch source,"Elasticsearch source (v5 defect; listed under ""Fixed in this round"" in OPEN-DEFECTS-FOR-DEV.md)",n/a - v5 defect; the original error is not restated in the v6 files,6ac6e41832ef27e7bb7d0cbb; artifacts/R-es-meta-index.txt,FIXED-verified,32ef27e7bb7d (latest job ID in the defect evidence: 6ac6e41832ef27e7bb7d0cbb @ 10-07 20:30 ET),TC-C-012,qa-c/REGRESSION-32.md,"v5 defect; FIXED in QA-C regression (REGRESSION-32). Priority not recorded (n/r) unless the v5 note said ""minor"" (mapped to P3). REGRESSION-32: NEW (r20) -> FIXED: 200 rows; Σprice 25225, Σqty 33500 match ES.",QA marked this row fixed on the build named in last_verified_build. This session did not re-run that case.,QA-verified on the recorded build. Not re-run in this session.
DEF-PGVECTOR-TEXT,,n/r,pgvector destination,"pgvector destination (v5 defect; listed under ""Fixed in this round"" in OPEN-DEFECTS-FOR-DEV.md)",n/a - v5 defect; the original error is not restated in the v6 files,6ac6eaf132ef27e7bb7d0cd0; artifacts/R-objstore-pgvector.txt,FIXED-verified,32ef27e7bb7d (latest job ID in the defect evidence: 6ac6eaf132ef27e7bb7d0cd0 @ 10-07 20:59 ET),TC-C-014,qa-c/REGRESSION-32.md,"v5 defect; FIXED in QA-C regression (REGRESSION-32). Priority not recorded (n/r) unless the v5 note said ""minor"" (mapped to P3). REGRESSION-32: OPEN -> FIXED: Typed columns price numeric(10,2), qty bigint, active boolean; Σprice 27735.00 Σqty 47200 active 134, 200 distinct source_id = source. (Plan reasoning text still says NUMERIC(4,2) — cosmetic.)",QA marked this row fixed on the build named in last_verified_build. This session did not re-run that case.,QA-verified on the recorded build. Not re-run in this session.
DEF-07,,n/r,Neo4j listing,"Neo4j listing (v5 defect; listed under ""Fixed in this round"" in OPEN-DEFECTS-FOR-DEV.md)",n/a - v5 defect; the original error is not restated in the v6 files,list_connector_objects 1775353c…,FIXED-verified,n/a (no job evidence; preflight/connector-level only),TC-C-015,qa-c/REGRESSION-32.md,"v5 defect; FIXED in QA-C regression (REGRESSION-32). Priority not recorded (n/r) unless the v5 note said ""minor"" (mapped to P3). REGRESSION-32: OPEN -> FIXED: 3 labels returned.",QA marked this row fixed on the build named in last_verified_build. This session did not re-run that case.,QA-verified on the recorded build. Not re-run in this session.
DEF-08,,n/r,Qdrant listing,"Qdrant listing (v5 defect; listed under ""Fixed in this round"" in OPEN-DEFECTS-FOR-DEV.md)",n/a - v5 defect; the original error is not restated in the v6 files,list_connector_objects 4ac8f8e4…,FIXED-verified,n/a (no job evidence; preflight/connector-level only),TC-C-016,qa-c/REGRESSION-32.md,"v5 defect; FIXED in QA-C regression (REGRESSION-32). Priority not recorded (n/r) unless the v5 note said ""minor"" (mapped to P3). REGRESSION-32: OPEN -> FIXED: 3 collections returned.",QA marked this row fixed on the build named in last_verified_build. This session did not re-run that case.,QA-verified on the recorded build. Not re-run in this session.
DEF-09,,n/r,Weaviate listing,"Weaviate listing (v5 defect; listed under ""Fixed in this round"" in OPEN-DEFECTS-FOR-DEV.md)",n/a - v5 defect; the original error is not restated in the v6 files,list_connector_objects a93812b1…,FIXED-verified,n/a (no job evidence; preflight/connector-level only),TC-C-017,qa-c/REGRESSION-32.md,"v5 defect; FIXED in QA-C regression (REGRESSION-32). Priority not recorded (n/r) unless the v5 note said ""minor"" (mapped to P3). REGRESSION-32: OPEN -> FIXED: 2 classes returned.",QA marked this row fixed on the build named in last_verified_build. This session did not re-run that case.,QA-verified on the recorded build. Not re-run in this session.
DEF-OBJSTORE-TYPE-SPLIT,,n/r,S3/GCS source types,"S3/GCS source types (v5 defect; listed under ""Fixed in this round"" in OPEN-DEFECTS-FOR-DEV.md)",n/a - v5 defect; the original error is not restated in the v6 files,S3→PG 6ac6eb1d32ef27e7bb7d0cd2; GCS→PG 6ac6eb8632ef27e7bb7d0cd6,FIXED-verified,32ef27e7bb7d (latest job ID in the defect evidence: 6ac6eb8632ef27e7bb7d0cd6 @ 10-07 21:01 ET),TC-C-021,qa-c/REGRESSION-32.md,"v5 defect; FIXED in QA-C regression (REGRESSION-32). Priority not recorded (n/r) unless the v5 note said ""minor"" (mapped to P3). REGRESSION-32: NEW (r20) -> FIXED: Both 200 rows, amount numeric(5,2) Σ64521.00 max 642 paid 100 = CSV.",QA marked this row fixed on the build named in last_verified_build. This session did not re-run that case.,QA-verified on the recorded build. Not re-run in this session.
DEF-TIMESCALE-DST,,n/r,Timescale destination,"Timescale destination (v5 defect; listed under ""Fixed in this round"" in OPEN-DEFECTS-FOR-DEV.md)",n/a - v5 defect; the original error is not restated in the v6 files,pf_1c41eb507386; job 6ac6ebf332ef27e7bb7d0cdc,FIXED-verified,32ef27e7bb7d (latest job ID in the defect evidence: 6ac6ebf332ef27e7bb7d0cdc @ 10-07 21:03 ET),TC-C-030,qa-c/REGRESSION-32.md,"v5 defect; FIXED in QA-C regression (REGRESSION-32). Priority not recorded (n/r) unless the v5 note said ""minor"" (mapped to P3). REGRESSION-32: PARTIAL -> FIXED: Create-new now passes; 200 rows Σprice 27735.00 Σqty 47200 active 134; typed columns; TSTZ preserved.",QA marked this row fixed on the build named in last_verified_build. This session did not re-run that case.,QA-verified on the recorded build. Not re-run in this session.
DEF-OVERWRITE-NOPK-IDENTITY,,n/r,Overwrite (PK-less source),"Overwrite (PK-less source) (v5 defect; listed under ""Fixed in this round"" in OPEN-DEFECTS-FOR-DEV.md)",n/a - v5 defect; the original error is not restated in the v6 files,pf_fd506200e070; job 6ac6ebf432ef27e7bb7d0cdd,FIXED-verified,32ef27e7bb7d (latest job ID in the defect evidence: 6ac6ebf432ef27e7bb7d0cdd @ 10-07 21:03 ET),TC-C-031,qa-c/REGRESSION-32.md,"v5 defect; FIXED in QA-C regression (REGRESSION-32). Priority not recorded (n/r) unless the v5 note said ""minor"" (mapped to P3). REGRESSION-32: OPEN -> FIXED: Timescale qa19_metrics (PK-less) → MySQL overwrite approved; 200/0; Σtemp_c 6613.00 ok 134 = source.",QA marked this row fixed on the build named in last_verified_build. This session did not re-run that case.,QA-verified on the recorded build. Not re-run in this session.
DEF-R20-001,related: DEF-R1-002,P1,SQL Server Latin-1 VARCHAR,"ASCII Excel load into an existing SQL Server Latin-1 VARCHAR is blocked, and signing cast-and-continue is ignored; the plan still says lossless",Blocked on zip_code and sku (ASCII only). Signing cast-and-continue or quarantine is ignored. Plan conversion_class is lossless.,"pf_dfa3a7690163, pf_ed5cd1d5aeb2, pf_8d5a5201830a",OPEN,9:48 AM ET Oct 8 deploy,,OPEN-DEFECTS-FOR-DEV.md (Added 10:02 ET Oct 8),"The 9:48 AM deploy stopped silent question-mark substitution and then blocked every load into a Latin-1 VARCHAR, including plain ASCII.","code_page_sink_would_collapse was a type-level fact with no population. Excel is a Unicode source, so every text column into a SQL Server code-page VARCHAR was a fidelity collapse even when every sample encoded. Map stamped lossless when the file format was not bound as the source engine. findings_from_coercion_report kept blocking true whenever fidelity_collapse was true, so a signed CAST_AND_CONTINUE that had softened severity to warn was still a block.","fixed in code, unit-proven (test_ascii_excel_into_sql_latin1_varchar_is_not_a_collapse, test_signed_cast_clears_the_code_page_block, test_unicode_source_into_sql_latin1_varchar_is_a_fidelity_collapse). A measured population that encodes in the destination code page is not a collapse, and the plan conversion_class is lossless. An unmeasured pair stays a collapse. A scalar outside the page stays a collapse and the writer still refuses question-mark substitution. A verified CAST_AND_CONTINUE sets severity warn and the finding is not blocking. Not a live SQL Server retest."
